surah,ayah,mushaf_page,audio_file,start_ms,end_ms,end_source
1,1,1,khatma/1.mp3,4420,8620,next_start
1,2,1,khatma/1.mp3,8620,13500,next_start
1,3,1,khatma/1.mp3,13500,16700,next_start
1,4,1,khatma/1.mp3,16700,20040,next_start
1,5,1,khatma/1.mp3,20040,24840,next_start
1,6,1,khatma/1.mp3,24840,28920,next_start
1,7,1,khatma/1.mp3,28920,,
2,1,2,khatma/2.mp3,0,15080,next_start
2,2,2,khatma/2.mp3,15080,32380,next_start
2,3,2,khatma/2.mp3,32380,44900,next_start
2,4,2,khatma/2.mp3,44900,61060,next_start
2,5,2,khatma/2.mp3,61060,,
2,6,3,khatma/3.mp3,0,13200,next_start
2,7,3,khatma/3.mp3,13200,27240,next_start
2,8,3,khatma/3.mp3,27240,41100,next_start
2,9,3,khatma/3.mp3,41100,55180,next_start
2,10,3,khatma/3.mp3,55180,70500,next_start
2,11,3,khatma/3.mp3,70500,81520,next_start
2,12,3,khatma/3.mp3,81520,90780,next_start
2,13,3,khatma/3.mp3,90780,115260,next_start
2,14,3,khatma/3.mp3,115260,139240,next_start
2,15,3,khatma/3.mp3,139240,148500,next_start
2,16,3,khatma/3.mp3,148500,,
2,17,4,khatma/4.mp3,400,21120,next_start
2,18,4,khatma/4.mp3,21120,29660,next_start
2,19,4,khatma/4.mp3,29660,57620,next_start
2,20,4,khatma/4.mp3,57620,99320,next_start
2,21,4,khatma/4.mp3,99320,111600,next_start
2,22,4,khatma/4.mp3,111600,151880,next_start
2,23,4,khatma/4.mp3,151880,176720,next_start
2,24,4,khatma/4.mp3,176720,,
2,25,5,khatma/5.mp3,600,46520,next_start
2,26,5,khatma/5.mp3,46520,94020,next_start
2,27,5,khatma/5.mp3,94020,134160,next_start
2,28,5,khatma/5.mp3,134160,155480,next_start
2,29,5,khatma/5.mp3,155480,,
2,30,6,khatma/6.mp3,0,33280,next_start
2,31,6,khatma/6.mp3,33280,59200,next_start
2,32,6,khatma/6.mp3,59200,82100,next_start
2,33,6,khatma/6.mp3,82100,122620,next_start
2,34,6,khatma/6.mp3,122620,142040,next_start
2,35,6,khatma/6.mp3,142040,163800,next_start
2,36,6,khatma/6.mp3,163800,186460,next_start
2,37,6,khatma/6.mp3,186460,,
2,38,7,khatma/7.mp3,1980,20220,next_start
2,39,7,khatma/7.mp3,20220,37700,next_start
2,40,7,khatma/7.mp3,37700,59020,next_start
2,41,7,khatma/7.mp3,59020,82900,next_start
2,42,7,khatma/7.mp3,82900,92860,next_start
2,43,7,khatma/7.mp3,92860,128160,next_start
2,44,7,khatma/7.mp3,128160,153720,next_start
2,45,7,khatma/7.mp3,153720,165280,next_start
2,46,7,khatma/7.mp3,165280,183800,next_start
2,47,7,khatma/7.mp3,183800,194340,next_start
2,48,7,khatma/7.mp3,194340,,
2,49,8,khatma/8.mp3,0,30380,next_start
2,50,8,khatma/8.mp3,30380,54460,next_start
2,51,8,khatma/8.mp3,54460,70840,next_start
2,52,8,khatma/8.mp3,70840,80640,next_start
2,53,8,khatma/8.mp3,80640,89620,next_start
2,54,8,khatma/8.mp3,89620,133260,next_start
2,55,8,khatma/8.mp3,133260,151260,next_start
2,56,8,khatma/8.mp3,151260,162280,next_start
2,57,8,khatma/8.mp3,162280,,
2,62,10,khatma/10.mp3,0,24760,next_start
2,63,10,khatma/10.mp3,24760,46580,next_start
2,64,10,khatma/10.mp3,46580,61300,next_start
2,65,10,khatma/10.mp3,61300,72900,next_start
2,66,10,khatma/10.mp3,72900,84720,next_start
2,67,10,khatma/10.mp3,84720,105780,next_start
2,68,10,khatma/10.mp3,105780,129420,next_start
2,69,10,khatma/10.mp3,129420,,
2,70,11,khatma/11.mp3,0,17040,next_start
2,71,11,khatma/11.mp3,17040,45700,next_start
2,72,11,khatma/11.mp3,45700,59480,next_start
2,73,11,khatma/11.mp3,59480,80420,next_start
2,74,11,khatma/11.mp3,80420,127220,next_start
2,75,11,khatma/11.mp3,127220,154920,next_start
2,76,11,khatma/11.mp3,154920,,
2,77,12,khatma/12.mp3,180,8400,next_start
2,78,12,khatma/12.mp3,8400,22180,next_start
2,79,12,khatma/12.mp3,22180,50840,next_start
2,80,12,khatma/12.mp3,50840,76880,next_start
2,81,12,khatma/12.mp3,76880,94420,next_start
2,82,12,khatma/12.mp3,94420,105520,next_start
2,83,12,khatma/12.mp3,105520,,
2,84,13,khatma/13.mp3,0,20560,next_start
2,85,13,khatma/13.mp3,20560,88720,next_start
2,86,13,khatma/13.mp3,88720,108660,next_start
2,87,13,khatma/13.mp3,108660,144480,next_start
2,88,13,khatma/13.mp3,144480,,
2,89,14,khatma/14.mp3,40,28700,next_start
2,90,14,khatma/14.mp3,28700,64780,next_start
2,91,14,khatma/14.mp3,64780,99180,next_start
2,92,14,khatma/14.mp3,99180,114260,next_start
2,93,14,khatma/14.mp3,114260,,
2,94,15,khatma/15.mp3,160,23400,next_start
2,95,15,khatma/15.mp3,23400,37000,next_start
2,96,15,khatma/15.mp3,37000,71260,next_start
2,97,15,khatma/15.mp3,71260,102460,next_start
2,98,15,khatma/15.mp3,102460,118860,next_start
2,99,15,khatma/15.mp3,118860,135420,next_start
2,100,15,khatma/15.mp3,135420,146960,next_start
2,101,15,khatma/15.mp3,146960,,
2,102,16,khatma/16.mp3,160,83620,next_start
2,103,16,khatma/16.mp3,83620,100280,next_start
2,104,16,khatma/16.mp3,100280,115800,next_start
2,105,16,khatma/16.mp3,115800,,
2,106,17,khatma/17.mp3,0,19560,next_start
2,107,17,khatma/17.mp3,19560,36620,next_start
2,108,17,khatma/17.mp3,36620,55440,next_start
2,109,17,khatma/17.mp3,55440,90940,next_start
2,110,17,khatma/17.mp3,90940,124820,next_start
2,111,17,khatma/17.mp3,124820,146120,next_start
2,112,17,khatma/17.mp3,146120,,
2,113,18,khatma/18.mp3,340,30980,next_start
2,114,18,khatma/18.mp3,30980,61300,next_start
2,115,18,khatma/18.mp3,61300,76400,next_start
2,116,18,khatma/18.mp3,76400,90680,next_start
2,117,18,khatma/18.mp3,90680,105240,next_start
2,118,18,khatma/18.mp3,105240,133980,next_start
2,119,18,khatma/18.mp3,133980,,
2,120,19,khatma/19.mp3,220,29520,next_start
2,121,19,khatma/19.mp3,29520,60900,next_start
2,122,19,khatma/19.mp3,60900,71140,next_start
2,123,19,khatma/19.mp3,71140,89920,next_start
2,124,19,khatma/19.mp3,89920,114660,next_start
2,125,19,khatma/19.mp3,114660,153220,next_start
2,126,19,khatma/19.mp3,153220,,
2,127,20,khatma/20.mp3,0,20860,next_start
2,128,20,khatma/20.mp3,20860,59000,next_start
2,129,20,khatma/20.mp3,59000,80000,next_start
2,130,20,khatma/20.mp3,80000,108220,next_start
2,131,20,khatma/20.mp3,108220,124620,next_start
2,132,20,khatma/20.mp3,124620,164080,next_start
2,133,20,khatma/20.mp3,164080,197980,next_start
2,134,20,khatma/20.mp3,197980,,
2,142,22,khatma/22.mp3,0,24480,next_start
2,143,22,khatma/22.mp3,24480,75060,next_start
2,144,22,khatma/22.mp3,75060,129940,next_start
2,145,22,khatma/22.mp3,129940,,
2,146,23,khatma/23.mp3,120,19300,next_start
2,147,23,khatma/23.mp3,19300,35660,next_start
2,148,23,khatma/23.mp3,35660,75800,next_start
2,149,23,khatma/23.mp3,75800,83300,next_start
2,150,23,khatma/23.mp3,83300,110740,next_start
2,151,23,khatma/23.mp3,110740,139920,next_start
2,152,23,khatma/23.mp3,139920,151980,next_start
2,153,23,khatma/23.mp3,151980,,
2,154,24,khatma/24.mp3,0,14840,next_start
2,155,24,khatma/24.mp3,14840,32400,next_start
2,156,24,khatma/24.mp3,32400,55100,next_start
2,157,24,khatma/24.mp3,55100,69320,next_start
2,158,24,khatma/24.mp3,69320,93560,next_start
2,159,24,khatma/24.mp3,93560,117460,next_start
2,160,24,khatma/24.mp3,117460,130360,next_start
2,161,24,khatma/24.mp3,130360,146340,next_start
2,162,24,khatma/24.mp3,146340,158720,next_start
2,163,24,khatma/24.mp3,158720,,
2,164,25,khatma/25.mp3,0,71400,next_start
2,165,25,khatma/25.mp3,71400,107920,next_start
2,166,25,khatma/25.mp3,107920,121000,next_start
2,167,25,khatma/25.mp3,121000,151420,next_start
2,168,25,khatma/25.mp3,151420,168860,next_start
2,169,25,khatma/25.mp3,168860,,
2,170,26,khatma/26.mp3,280,24800,next_start
2,171,26,khatma/26.mp3,24800,47020,next_start
2,172,26,khatma/26.mp3,47020,65380,next_start
2,173,26,khatma/26.mp3,65380,93560,next_start
2,174,26,khatma/26.mp3,93560,132500,next_start
2,175,26,khatma/26.mp3,132500,147460,next_start
2,176,26,khatma/26.mp3,147460,,
2,177,27,khatma/27.mp3,0,73560,next_start
2,178,27,khatma/27.mp3,73560,112100,next_start
2,179,27,khatma/27.mp3,112100,121800,next_start
2,180,27,khatma/27.mp3,121800,154200,next_start
2,181,27,khatma/27.mp3,154200,,
2,182,28,khatma/28.mp3,0,17820,next_start
2,183,28,khatma/28.mp3,17820,34980,next_start
2,184,28,khatma/28.mp3,34980,72040,next_start
2,185,28,khatma/28.mp3,72040,132660,next_start
2,186,28,khatma/28.mp3,132660,,
2,191,30,khatma/30.mp3,1860,31860,next_start
2,192,30,khatma/30.mp3,31860,39660,next_start
2,193,30,khatma/30.mp3,39660,56540,next_start
2,194,30,khatma/30.mp3,56540,78740,next_start
2,195,30,khatma/30.mp3,78740,98280,next_start
2,196,30,khatma/30.mp3,98280,,
2,197,31,khatma/31.mp3,0,35000,next_start
2,198,31,khatma/31.mp3,35000,70940,next_start
2,199,31,khatma/31.mp3,70940,86940,next_start
2,200,31,khatma/31.mp3,86940,112920,next_start
2,201,31,khatma/31.mp3,112920,130560,next_start
2,202,31,khatma/31.mp3,130560,,
2,203,32,khatma/32.mp3,680,27260,next_start
2,204,32,khatma/32.mp3,27260,42620,next_start
2,205,32,khatma/32.mp3,42620,57260,next_start
2,206,32,khatma/32.mp3,57260,76380,next_start
2,207,32,khatma/32.mp3,76380,93840,next_start
2,208,32,khatma/32.mp3,93840,110260,next_start
2,209,32,khatma/32.mp3,110260,124460,next_start
2,210,32,khatma/32.mp3,124460,,
2,211,33,khatma/33.mp3,5700,21100,next_start
2,212,33,khatma/33.mp3,21100,42180,next_start
2,213,33,khatma/33.mp3,42180,104560,next_start
2,214,33,khatma/33.mp3,104560,163360,next_start
2,215,33,khatma/33.mp3,163360,,
2,216,34,khatma/34.mp3,0,26700,next_start
2,217,34,khatma/34.mp3,26700,87380,next_start
2,218,34,khatma/34.mp3,87380,112920,next_start
2,219,34,khatma/34.mp3,112920,,
2,220,35,khatma/35.mp3,0,28340,next_start
2,221,35,khatma/35.mp3,28340,77420,next_start
2,222,35,khatma/35.mp3,77420,107120,next_start
2,223,35,khatma/35.mp3,107120,138160,next_start
2,224,35,khatma/35.mp3,138160,,
2,225,36,khatma/36.mp3,480,15820,next_start
2,226,36,khatma/36.mp3,15820,30160,next_start
2,227,36,khatma/36.mp3,30160,36880,next_start
2,228,36,khatma/36.mp3,36880,89220,next_start
2,229,36,khatma/36.mp3,89220,133980,next_start
2,230,36,khatma/36.mp3,133980,,
2,231,37,khatma/37.mp3,0,50340,next_start
2,232,37,khatma/37.mp3,50340,96600,next_start
2,233,37,khatma/37.mp3,96600,,
2,234,38,khatma/38.mp3,0,31380,next_start
2,235,38,khatma/38.mp3,31380,84720,next_start
2,236,38,khatma/38.mp3,84720,111500,next_start
2,237,38,khatma/38.mp3,111500,,
2,238,39,khatma/39.mp3,0,9120,next_start
2,239,39,khatma/39.mp3,9120,24780,next_start
2,240,39,khatma/39.mp3,24780,53380,next_start
2,241,39,khatma/39.mp3,53380,61160,next_start
2,242,39,khatma/39.mp3,61160,69800,next_start
2,243,39,khatma/39.mp3,69800,105900,next_start
2,244,39,khatma/39.mp3,105900,115800,next_start
2,245,39,khatma/39.mp3,115800,,
2,246,40,khatma/40.mp3,160,52880,next_start
2,247,40,khatma/40.mp3,52880,100360,next_start
2,248,40,khatma/40.mp3,100360,,
2,253,42,khatma/42.mp3,0,64920,next_start
2,254,42,khatma/42.mp3,64920,102480,next_start
2,255,42,khatma/42.mp3,102480,181820,next_start
2,256,42,khatma/42.mp3,181820,,
2,257,43,khatma/43.mp3,0,28140,next_start
2,258,43,khatma/43.mp3,28140,69220,next_start
2,259,43,khatma/43.mp3,69220,,
2,260,44,khatma/44.mp3,0,35660,next_start
2,261,44,khatma/44.mp3,35660,59700,next_start
2,262,44,khatma/44.mp3,59700,83080,next_start
2,263,44,khatma/44.mp3,83080,100960,next_start
2,264,44,khatma/44.mp3,100960,,
2,265,45,khatma/45.mp3,0,33420,next_start
2,266,45,khatma/45.mp3,33420,77520,next_start
2,267,45,khatma/45.mp3,77520,110740,next_start
2,268,45,khatma/45.mp3,110740,129740,next_start
2,269,45,khatma/45.mp3,129740,,
2,270,46,khatma/46.mp3,0,17300,next_start
2,271,46,khatma/46.mp3,17300,41600,next_start
2,272,46,khatma/46.mp3,41600,74900,next_start
2,273,46,khatma/46.mp3,74900,123100,next_start
2,274,46,khatma/46.mp3,123100,,
2,275,47,khatma/47.mp3,80,48100,next_start
2,276,47,khatma/47.mp3,48100,63660,next_start
2,277,47,khatma/47.mp3,63660,86500,next_start
2,278,47,khatma/47.mp3,86500,101000,next_start
2,279,47,khatma/47.mp3,101000,117940,next_start
2,280,47,khatma/47.mp3,117940,133360,next_start
2,281,47,khatma/47.mp3,133360,,
2,282,48,khatma/48.mp3,1580,,
3,1,50,khatma/50.mp3,0,17740,next_start
3,2,50,khatma/50.mp3,17740,25460,next_start
3,3,50,khatma/50.mp3,25460,38600,next_start
3,4,50,khatma/50.mp3,38600,64160,next_start
3,5,50,khatma/50.mp3,64160,74000,next_start
3,6,50,khatma/50.mp3,74000,88540,next_start
3,7,50,khatma/50.mp3,88540,148600,next_start
3,8,50,khatma/50.mp3,148600,167300,next_start
3,9,50,khatma/50.mp3,167300,,
3,10,51,khatma/51.mp3,0,17020,next_start
3,11,51,khatma/51.mp3,17020,30460,next_start
3,12,51,khatma/51.mp3,30460,43600,next_start
3,13,51,khatma/51.mp3,43600,75380,next_start
3,14,51,khatma/51.mp3,75380,101120,next_start
3,15,51,khatma/51.mp3,101120,,
3,16,52,khatma/52.mp3,100,13040,next_start
3,17,52,khatma/52.mp3,13040,26480,next_start
3,18,52,khatma/52.mp3,26480,45180,next_start
3,19,52,khatma/52.mp3,45180,67780,next_start
3,20,52,khatma/52.mp3,67780,98380,next_start
3,21,52,khatma/52.mp3,98380,118100,next_start
3,22,52,khatma/52.mp3,118100,,
3,23,53,khatma/53.mp3,160,18320,next_start
3,24,53,khatma/53.mp3,18320,36640,next_start
3,25,53,khatma/53.mp3,36640,52180,next_start
3,26,53,khatma/53.mp3,52180,87740,next_start
3,27,53,khatma/53.mp3,87740,108040,next_start
3,28,53,khatma/53.mp3,108040,134600,next_start
3,29,53,khatma/53.mp3,134600,,
3,30,54,khatma/54.mp3,0,27360,next_start
3,31,54,khatma/54.mp3,27360,41380,next_start
3,32,54,khatma/54.mp3,41380,54380,next_start
3,33,54,khatma/54.mp3,54380,65320,next_start
3,34,54,khatma/54.mp3,65320,74060,next_start
3,35,54,khatma/54.mp3,74060,95420,next_start
3,36,54,khatma/54.mp3,95420,123800,next_start
3,37,54,khatma/54.mp3,123800,,
3,38,55,khatma/55.mp3,1260,15460,next_start
3,39,55,khatma/55.mp3,15460,45460,next_start
3,40,55,khatma/55.mp3,45460,61320,next_start
3,41,55,khatma/55.mp3,61320,80560,next_start
3,42,55,khatma/55.mp3,80560,109780,next_start
3,43,55,khatma/55.mp3,109780,118960,next_start
3,44,55,khatma/55.mp3,118960,141160,next_start
3,45,55,khatma/55.mp3,141160,,
3,46,56,khatma/56.mp3,100,7980,next_start
3,47,56,khatma/56.mp3,7980,34180,next_start
3,48,56,khatma/56.mp3,34180,40780,next_start
3,49,56,khatma/56.mp3,40780,89300,next_start
3,50,56,khatma/56.mp3,89300,112420,next_start
3,51,56,khatma/56.mp3,112420,125040,next_start
3,52,56,khatma/56.mp3,125040,,
3,53,57,khatma/57.mp3,0,18560,next_start
3,54,57,khatma/57.mp3,18560,33780,next_start
3,55,57,khatma/57.mp3,33780,74820,next_start
3,56,57,khatma/57.mp3,74820,92700,next_start
3,57,57,khatma/57.mp3,92700,108660,next_start
3,58,57,khatma/57.mp3,108660,117700,next_start
3,59,57,khatma/57.mp3,117700,140880,next_start
3,60,57,khatma/57.mp3,140880,150180,next_start
3,61,57,khatma/57.mp3,150180,,
3,62,58,khatma/58.mp3,140,21320,next_start
3,63,58,khatma/58.mp3,21320,29480,next_start
3,64,58,khatma/58.mp3,29480,60160,next_start
3,65,58,khatma/58.mp3,60160,85220,next_start
3,66,58,khatma/58.mp3,85220,102740,next_start
3,67,58,khatma/58.mp3,102740,119140,next_start
3,68,58,khatma/58.mp3,119140,135520,next_start
3,69,58,khatma/58.mp3,135520,147280,next_start
3,70,58,khatma/58.mp3,147280,,
3,71,59,khatma/59.mp3,1400,15220,next_start
3,72,59,khatma/59.mp3,15220,30260,next_start
3,73,59,khatma/59.mp3,30260,66860,next_start
3,74,59,khatma/59.mp3,66860,75860,next_start
3,75,59,khatma/59.mp3,75860,112740,next_start
3,76,59,khatma/59.mp3,112740,120340,next_start
3,77,59,khatma/59.mp3,120340,,
3,78,60,khatma/60.mp3,0,20600,next_start
3,79,60,khatma/60.mp3,20600,50760,next_start
3,80,60,khatma/60.mp3,50760,67560,next_start
3,81,60,khatma/60.mp3,67560,101400,next_start
3,82,60,khatma/60.mp3,101400,109920,next_start
3,83,60,khatma/60.mp3,109920,,
3,92,62,khatma/62.mp3,0,16000,next_start
3,93,62,khatma/62.mp3,16000,39200,next_start
3,94,62,khatma/62.mp3,39200,49880,next_start
3,95,62,khatma/62.mp3,49880,61360,next_start
3,96,62,khatma/62.mp3,61360,72780,next_start
3,97,62,khatma/62.mp3,72780,99440,next_start
3,98,62,khatma/62.mp3,99440,108580,next_start
3,99,62,khatma/62.mp3,108580,128800,next_start
3,100,62,khatma/62.mp3,128800,,
3,101,63,khatma/63.mp3,60,18500,next_start
3,102,63,khatma/63.mp3,18500,39220,next_start
3,103,63,khatma/63.mp3,39220,80700,next_start
3,104,63,khatma/63.mp3,80700,104520,next_start
3,105,63,khatma/63.mp3,104520,121800,next_start
3,106,63,khatma/63.mp3,121800,145600,next_start
3,107,63,khatma/63.mp3,145600,160260,next_start
3,108,63,khatma/63.mp3,160260,,
3,109,64,khatma/64.mp3,0,8160,next_start
3,110,64,khatma/64.mp3,8160,32960,next_start
3,111,64,khatma/64.mp3,32960,47280,next_start
3,112,64,khatma/64.mp3,47280,87660,next_start
3,113,64,khatma/64.mp3,87660,106620,next_start
3,114,64,khatma/64.mp3,106620,124820,next_start
3,115,64,khatma/64.mp3,124820,,
3,116,65,khatma/65.mp3,60,18440,next_start
3,117,65,khatma/65.mp3,18440,47580,next_start
3,118,65,khatma/65.mp3,47580,80360,next_start
3,119,65,khatma/65.mp3,80360,109060,next_start
3,120,65,khatma/65.mp3,109060,131580,next_start
3,121,65,khatma/65.mp3,131580,,
3,122,66,khatma/66.mp3,0,19320,next_start
3,123,66,khatma/66.mp3,19320,32180,next_start
3,124,66,khatma/66.mp3,32180,52860,next_start
3,125,66,khatma/66.mp3,52860,78320,next_start
3,126,66,khatma/66.mp3,78320,97640,next_start
3,127,66,khatma/66.mp3,97640,111960,next_start
3,128,66,khatma/66.mp3,111960,126660,next_start
3,129,66,khatma/66.mp3,126660,145960,next_start
3,130,66,khatma/66.mp3,145960,159180,next_start
3,131,66,khatma/66.mp3,159180,169780,next_start
3,132,66,khatma/66.mp3,169780,,
3,133,67,khatma/67.mp3,920,10660,next_start
3,134,67,khatma/67.mp3,10660,24880,next_start
3,135,67,khatma/67.mp3,24880,47240,next_start
3,136,67,khatma/67.mp3,47240,67840,next_start
3,137,67,khatma/67.mp3,67840,78960,next_start
3,138,67,khatma/67.mp3,78960,87340,next_start
3,139,67,khatma/67.mp3,87340,97320,next_start
3,140,67,khatma/67.mp3,97320,,
3,141,68,khatma/68.mp3,0,6240,next_start
3,142,68,khatma/68.mp3,6240,19660,next_start
3,143,68,khatma/68.mp3,19660,34200,next_start
3,144,68,khatma/68.mp3,34200,60640,next_start
3,145,68,khatma/68.mp3,60640,83480,next_start
3,146,68,khatma/68.mp3,83480,106460,next_start
3,147,68,khatma/68.mp3,106460,131500,next_start
3,148,68,khatma/68.mp3,131500,,
3,154,70,khatma/70.mp3,0,103340,next_start
3,155,70,khatma/70.mp3,103340,120020,next_start
3,156,70,khatma/70.mp3,120020,175480,next_start
3,157,70,khatma/70.mp3,175480,,
3,158,71,khatma/71.mp3,3220,6740,next_start
3,159,71,khatma/71.mp3,6740,38300,next_start
3,160,71,khatma/71.mp3,38300,58600,next_start
3,161,71,khatma/71.mp3,58600,74920,next_start
3,162,71,khatma/71.mp3,74920,87080,next_start
3,163,71,khatma/71.mp3,87080,95460,next_start
3,164,71,khatma/71.mp3,95460,122560,next_start
3,165,71,khatma/71.mp3,122560,,
3,166,72,khatma/72.mp3,0,11400,next_start
3,167,72,khatma/72.mp3,11400,45460,next_start
3,168,72,khatma/72.mp3,45460,61480,next_start
3,169,72,khatma/72.mp3,61480,75640,next_start
3,170,72,khatma/72.mp3,75640,101200,next_start
3,171,72,khatma/72.mp3,101200,114040,next_start
3,172,72,khatma/72.mp3,114040,130260,next_start
3,173,72,khatma/72.mp3,130260,,
3,174,73,khatma/73.mp3,0,19080,next_start
3,175,73,khatma/73.mp3,19080,40300,next_start
3,176,73,khatma/73.mp3,40300,66400,next_start
3,177,73,khatma/73.mp3,66400,80680,next_start
3,178,73,khatma/73.mp3,80680,103360,next_start
3,179,73,khatma/73.mp3,103360,143040,next_start
3,180,73,khatma/73.mp3,143040,,
3,181,74,khatma/74.mp3,0,25240,next_start
3,182,74,khatma/74.mp3,25240,34860,next_start
3,183,74,khatma/74.mp3,34860,68240,next_start
3,184,74,khatma/74.mp3,68240,82540,next_start
3,185,74,khatma/74.mp3,82540,132440,next_start
3,186,74,khatma/74.mp3,132440,,
3,187,75,khatma/75.mp3,0,24160,next_start
3,188,75,khatma/75.mp3,24160,55120,next_start
3,189,75,khatma/75.mp3,55120,64860,next_start
3,190,75,khatma/75.mp3,64860,80460,next_start
3,191,75,khatma/75.mp3,80460,116080,next_start
3,192,75,khatma/75.mp3,116080,130760,next_start
3,193,75,khatma/75.mp3,130760,161660,next_start
3,194,75,khatma/75.mp3,161660,,
3,195,76,khatma/76.mp3,60,60680,next_start
3,196,76,khatma/76.mp3,60680,69540,next_start
3,197,76,khatma/76.mp3,69540,84380,next_start
3,198,76,khatma/76.mp3,84380,112180,next_start
3,199,76,khatma/76.mp3,112180,159840,next_start
3,200,76,khatma/76.mp3,159840,,
4,1,77,khatma/77.mp3,8520,42180,next_start
4,2,77,khatma/77.mp3,42180,59660,next_start
4,3,77,khatma/77.mp3,59660,94280,next_start
4,4,77,khatma/77.mp3,94280,120520,next_start
4,5,77,khatma/77.mp3,120520,142000,next_start
4,6,77,khatma/77.mp3,142000,,
4,7,78,khatma/78.mp3,0,23200,next_start
4,8,78,khatma/78.mp3,23200,42900,next_start
4,9,78,khatma/78.mp3,42900,62580,next_start
4,10,78,khatma/78.mp3,62580,83060,next_start
4,11,78,khatma/78.mp3,83060,,
4,12,79,khatma/79.mp3,0,86860,next_start
4,13,79,khatma/79.mp3,86860,114420,next_start
4,14,79,khatma/79.mp3,114420,,
4,15,80,khatma/80.mp3,1020,36060,next_start
4,16,80,khatma/80.mp3,36060,52260,next_start
4,17,80,khatma/80.mp3,52260,88380,next_start
4,18,80,khatma/80.mp3,88380,123280,next_start
4,19,80,khatma/80.mp3,123280,,
4,24,82,khatma/82.mp3,1500,50240,next_start
4,25,82,khatma/82.mp3,50240,135340,next_start
4,26,82,khatma/82.mp3,135340,,
4,27,83,khatma/83.mp3,0,12680,next_start
4,28,83,khatma/83.mp3,12680,24240,next_start
4,29,83,khatma/83.mp3,24240,50180,next_start
4,30,83,khatma/83.mp3,50180,64320,next_start
4,31,83,khatma/83.mp3,64320,83980,next_start
4,32,83,khatma/83.mp3,83980,113840,next_start
4,33,83,khatma/83.mp3,113840,,
4,34,84,khatma/84.mp3,960,50360,next_start
4,35,84,khatma/84.mp3,50360,74360,next_start
4,36,84,khatma/84.mp3,74360,109080,next_start
4,37,84,khatma/84.mp3,109080,,
4,38,85,khatma/85.mp3,0,21760,next_start
4,39,85,khatma/85.mp3,21760,37140,next_start
4,40,85,khatma/85.mp3,37140,51100,next_start
4,41,85,khatma/85.mp3,51100,67980,next_start
4,42,85,khatma/85.mp3,67980,81880,next_start
4,43,85,khatma/85.mp3,81880,136120,next_start
4,44,85,khatma/85.mp3,136120,,
4,45,86,khatma/86.mp3,0,12360,next_start
4,46,86,khatma/86.mp3,12360,58840,next_start
4,47,86,khatma/86.mp3,58840,92200,next_start
4,48,86,khatma/86.mp3,92200,112200,next_start
4,49,86,khatma/86.mp3,112200,125640,next_start
4,50,86,khatma/86.mp3,125640,137640,next_start
4,51,86,khatma/86.mp3,137640,,
4,52,87,khatma/87.mp3,0,11720,next_start
4,53,87,khatma/87.mp3,11720,19940,next_start
4,54,87,khatma/87.mp3,19940,39500,next_start
4,55,87,khatma/87.mp3,39500,51040,next_start
4,56,87,khatma/87.mp3,51040,73680,next_start
4,57,87,khatma/87.mp3,73680,100660,next_start
4,58,87,khatma/87.mp3,100660,131240,next_start
4,59,87,khatma/87.mp3,131240,,
4,60,88,khatma/88.mp3,240,38480,next_start
4,61,88,khatma/88.mp3,38480,53960,next_start
4,62,88,khatma/88.mp3,53960,76020,next_start
4,63,88,khatma/88.mp3,76020,93740,next_start
4,64,88,khatma/88.mp3,93740,132200,next_start
4,65,88,khatma/88.mp3,132200,,
4,75,90,khatma/90.mp3,0,35040,next_start
4,76,90,khatma/90.mp3,35040,60180,next_start
4,77,90,khatma/90.mp3,60180,134260,next_start
4,78,90,khatma/90.mp3,134260,174540,next_start
4,79,90,khatma/90.mp3,174540,,
4,80,91,khatma/91.mp3,100,11100,next_start
4,81,91,khatma/91.mp3,11100,36880,next_start
4,82,91,khatma/91.mp3,36880,50980,next_start
4,83,91,khatma/91.mp3,50980,79640,next_start
4,84,91,khatma/91.mp3,79640,102200,next_start
4,85,91,khatma/91.mp3,102200,125320,next_start
4,86,91,khatma/91.mp3,125320,,
4,87,92,khatma/92.mp3,120,15680,next_start
4,88,92,khatma/92.mp3,15680,37760,next_start
4,89,92,khatma/92.mp3,37760,65180,next_start
4,90,92,khatma/92.mp3,65180,104900,next_start
4,91,92,khatma/92.mp3,104900,,
4,92,93,khatma/93.mp3,0,59960,next_start
4,93,93,khatma/93.mp3,59960,82960,next_start
4,94,93,khatma/93.mp3,82960,,
4,95,94,khatma/94.mp3,440,37240,next_start
4,96,94,khatma/94.mp3,37240,51060,next_start
4,97,94,khatma/94.mp3,51060,92380,next_start
4,98,94,khatma/94.mp3,92380,107540,next_start
4,99,94,khatma/94.mp3,107540,122140,next_start
4,100,94,khatma/94.mp3,122140,162860,next_start
4,101,94,khatma/94.mp3,162860,,
4,102,95,khatma/95.mp3,0,68280,next_start
4,103,95,khatma/95.mp3,68280,95580,next_start
4,104,95,khatma/95.mp3,95580,123600,next_start
4,105,95,khatma/95.mp3,123600,,
4,106,96,khatma/96.mp3,80,7520,next_start
4,107,96,khatma/96.mp3,7520,21580,next_start
4,108,96,khatma/96.mp3,21580,56540,next_start
4,109,96,khatma/96.mp3,56540,73100,next_start
4,110,96,khatma/96.mp3,73100,90840,next_start
4,111,96,khatma/96.mp3,90840,102620,next_start
4,112,96,khatma/96.mp3,102620,121560,next_start
4,113,96,khatma/96.mp3,121560,,
4,114,97,khatma/97.mp3,0,22780,next_start
4,115,97,khatma/97.mp3,22780,45980,next_start
4,116,97,khatma/97.mp3,45980,64940,next_start
4,117,97,khatma/97.mp3,64940,78360,next_start
4,118,97,khatma/97.mp3,78360,91080,next_start
4,119,97,khatma/97.mp3,91080,121280,next_start
4,120,97,khatma/97.mp3,121280,130780,next_start
4,121,97,khatma/97.mp3,130780,,
4,122,98,khatma/98.mp3,0,21680,next_start
4,123,98,khatma/98.mp3,21680,41280,next_start
4,124,98,khatma/98.mp3,41280,64460,next_start
4,125,98,khatma/98.mp3,64460,82700,next_start
4,126,98,khatma/98.mp3,82700,92980,next_start
4,127,98,khatma/98.mp3,92980,,
4,128,99,khatma/99.mp3,0,30660,next_start
4,129,99,khatma/99.mp3,30660,55020,next_start
4,130,99,khatma/99.mp3,55020,66340,next_start
4,131,99,khatma/99.mp3,66340,93840,next_start
4,132,99,khatma/99.mp3,93840,102580,next_start
4,133,99,khatma/99.mp3,102580,116120,next_start
4,134,99,khatma/99.mp3,116120,,
4,135,100,khatma/100.mp3,1780,40060,next_start
4,136,100,khatma/100.mp3,40060,66960,next_start
4,137,100,khatma/100.mp3,66960,88740,next_start
4,138,100,khatma/100.mp3,88740,95360,next_start
4,139,100,khatma/100.mp3,95360,114280,next_start
4,140,100,khatma/100.mp3,114280,,
4,148,102,khatma/102.mp3,280,12420,next_start
4,149,102,khatma/102.mp3,12420,25380,next_start
4,150,102,khatma/102.mp3,25380,45940,next_start
4,151,102,khatma/102.mp3,45940,57460,next_start
4,152,102,khatma/102.mp3,57460,78660,next_start
4,153,102,khatma/102.mp3,78660,122100,next_start
4,154,102,khatma/102.mp3,122100,,
4,155,103,khatma/103.mp3,0,25080,next_start
4,156,103,khatma/103.mp3,25080,30480,next_start
4,157,103,khatma/103.mp3,30480,78180,next_start
4,158,103,khatma/103.mp3,78180,86120,next_start
4,159,103,khatma/103.mp3,86120,98480,next_start
4,160,103,khatma/103.mp3,98480,113660,next_start
4,161,103,khatma/103.mp3,113660,131560,next_start
4,162,103,khatma/103.mp3,131560,,
4,163,104,khatma/104.mp3,0,39400,next_start
4,164,104,khatma/104.mp3,39400,56920,next_start
4,165,104,khatma/104.mp3,56920,78740,next_start
4,166,104,khatma/104.mp3,78740,98800,next_start
4,167,104,khatma/104.mp3,98800,111800,next_start
4,168,104,khatma/104.mp3,111800,124920,next_start
4,169,104,khatma/104.mp3,124920,142540,next_start
4,170,104,khatma/104.mp3,142540,,
4,171,105,khatma/105.mp3,1720,71220,next_start
4,172,105,khatma/105.mp3,71220,92300,next_start
4,173,105,khatma/105.mp3,92300,126760,next_start
4,174,105,khatma/105.mp3,126760,146000,next_start
4,175,105,khatma/105.mp3,146000,,
4,176,106,khatma/106.mp3,340,76060,next_start
5,1,106,khatma/106.mp3,76060,100740,next_start
5,2,106,khatma/106.mp3,100740,,
5,3,107,khatma/107.mp3,900,73940,next_start
5,4,107,khatma/107.mp3,73940,114100,next_start
5,5,107,khatma/107.mp3,114100,,
5,6,108,khatma/108.mp3,2400,92000,next_start
5,7,108,khatma/108.mp3,92000,118640,next_start
5,8,108,khatma/108.mp3,118640,151440,next_start
5,9,108,khatma/108.mp3,151440,,
5,14,110,khatma/110.mp3,0,30900,next_start
5,15,110,khatma/110.mp3,30900,58540,next_start
5,16,110,khatma/110.mp3,58540,79040,next_start
5,17,110,khatma/110.mp3,79040,,
5,18,111,khatma/111.mp3,0,41940,next_start
5,19,111,khatma/111.mp3,41940,71160,next_start
5,20,111,khatma/111.mp3,71160,102960,next_start
5,21,111,khatma/111.mp3,102960,122760,next_start
5,22,111,khatma/111.mp3,122760,146340,next_start
5,23,111,khatma/111.mp3,146340,,
5,24,112,khatma/112.mp3,0,20860,next_start
5,25,112,khatma/112.mp3,20860,36740,next_start
5,26,112,khatma/112.mp3,36740,53340,next_start
5,27,112,khatma/112.mp3,53340,81980,next_start
5,28,112,khatma/112.mp3,81980,98420,next_start
5,29,112,khatma/112.mp3,98420,117840,next_start
5,30,112,khatma/112.mp3,117840,130760,next_start
5,31,112,khatma/112.mp3,130760,,
5,32,113,khatma/113.mp3,960,45200,next_start
5,33,113,khatma/113.mp3,45200,81100,next_start
5,34,113,khatma/113.mp3,81100,96920,next_start
5,35,113,khatma/113.mp3,96920,110620,next_start
5,36,113,khatma/113.mp3,110620,,
5,37,114,khatma/114.mp3,0,15500,next_start
5,38,114,khatma/114.mp3,15500,33540,next_start
5,39,114,khatma/114.mp3,33540,49920,next_start
5,40,114,khatma/114.mp3,49920,81680,next_start
5,41,114,khatma/114.mp3,81680,,
5,42,115,khatma/115.mp3,1040,30440,next_start
5,43,115,khatma/115.mp3,30440,50660,next_start
5,44,115,khatma/115.mp3,50660,100600,next_start
5,45,115,khatma/115.mp3,100600,,
5,46,116,khatma/116.mp3,0,36320,next_start
5,47,116,khatma/116.mp3,36320,54740,next_start
5,48,116,khatma/116.mp3,54740,122640,next_start
5,49,116,khatma/116.mp3,122640,169480,next_start
5,50,116,khatma/116.mp3,169480,,
5,51,117,khatma/117.mp3,2540,26720,next_start
5,52,117,khatma/117.mp3,26720,60240,next_start
5,53,117,khatma/117.mp3,60240,82260,next_start
5,54,117,khatma/117.mp3,82260,130760,next_start
5,55,117,khatma/117.mp3,130760,157920,next_start
5,56,117,khatma/117.mp3,157920,173860,next_start
5,57,117,khatma/117.mp3,173860,,
5,58,118,khatma/118.mp3,0,13680,next_start
5,59,118,khatma/118.mp3,13680,36620,next_start
5,60,118,khatma/118.mp3,36620,69020,next_start
5,61,118,khatma/118.mp3,69020,87160,next_start
5,62,118,khatma/118.mp3,87160,105900,next_start
5,63,118,khatma/118.mp3,105900,116080,next_start
5,64,118,khatma/118.mp3,116080,,
5,65,119,khatma/119.mp3,0,16200,next_start
5,66,119,khatma/119.mp3,16200,64580,next_start
5,67,119,khatma/119.mp3,64580,86620,next_start
5,68,119,khatma/119.mp3,86620,124860,next_start
5,69,119,khatma/119.mp3,124860,151340,next_start
5,70,119,khatma/119.mp3,151340,,
5,71,120,khatma/120.mp3,0,26180,next_start
5,72,120,khatma/120.mp3,26180,63840,next_start
5,73,120,khatma/120.mp3,63840,91380,next_start
5,74,120,khatma/120.mp3,91380,112420,next_start
5,75,120,khatma/120.mp3,112420,151540,next_start
5,76,120,khatma/120.mp3,151540,160570,next_start
5,77,120,khatma/120.mp3,160570,,
5,84,122,khatma/122.mp3,27500,42140,next_start
5,85,122,khatma/122.mp3,42140,58780,next_start
5,86,122,khatma/122.mp3,58780,71740,next_start
5,87,122,khatma/122.mp3,71740,85240,next_start
5,88,122,khatma/122.mp3,85240,99480,next_start
5,89,122,khatma/122.mp3,99480,138600,next_start
5,90,122,khatma/122.mp3,138600,,
5,91,123,khatma/123.mp3,21760,45380,next_start
5,92,123,khatma/123.mp3,45380,67760,next_start
5,93,123,khatma/123.mp3,67760,92400,next_start
5,94,123,khatma/123.mp3,92400,118080,next_start
5,95,123,khatma/123.mp3,118080,,
5,96,124,khatma/124.mp3,420,20940,next_start
5,97,124,khatma/124.mp3,20940,48640,next_start
5,98,124,khatma/124.mp3,48640,58120,next_start
5,99,124,khatma/124.mp3,58120,69800,next_start
5,100,124,khatma/124.mp3,69800,88200,next_start
5,101,124,khatma/124.mp3,88200,111940,next_start
5,102,124,khatma/124.mp3,111940,121100,next_start
5,103,124,khatma/124.mp3,121100,,
5,104,125,khatma/125.mp3,60,26440,next_start
5,105,125,khatma/125.mp3,26440,50260,next_start
5,106,125,khatma/125.mp3,50260,106680,next_start
5,107,125,khatma/125.mp3,106680,151760,next_start
5,108,125,khatma/125.mp3,151760,,
5,109,126,khatma/126.mp3,420,17900,next_start
5,110,126,khatma/126.mp3,17900,88900,next_start
5,111,126,khatma/126.mp3,88900,108540,next_start
5,112,126,khatma/126.mp3,108540,139260,next_start
5,113,126,khatma/126.mp3,139260,,
5,114,127,khatma/127.mp3,420,32120,next_start
5,115,127,khatma/127.mp3,32120,57720,next_start
5,116,127,khatma/127.mp3,57720,100720,next_start
5,117,127,khatma/127.mp3,100720,154520,next_start
5,118,127,khatma/127.mp3,154520,175840,next_start
5,119,127,khatma/127.mp3,175840,204520,next_start
5,120,127,khatma/127.mp3,204520,,
6,1,128,khatma/128.mp3,9800,28160,next_start
6,2,128,khatma/128.mp3,28160,51500,next_start
6,3,128,khatma/128.mp3,51500,64320,next_start
6,4,128,khatma/128.mp3,64320,78220,next_start
6,5,128,khatma/128.mp3,78220,97900,next_start
6,6,128,khatma/128.mp3,97900,142940,next_start
6,7,128,khatma/128.mp3,142940,167120,next_start
6,8,128,khatma/128.mp3,167120,,
6,19,130,khatma/130.mp3,620,43700,next_start
6,20,130,khatma/130.mp3,43700,60760,next_start
6,21,130,khatma/130.mp3,60760,74040,next_start
6,22,130,khatma/130.mp3,74040,94300,next_start
6,23,130,khatma/130.mp3,94300,106240,next_start
6,24,130,khatma/130.mp3,106240,117560,next_start
6,25,130,khatma/130.mp3,117560,159240,next_start
6,26,130,khatma/130.mp3,159240,172620,next_start
6,27,130,khatma/130.mp3,172620,,
6,28,131,khatma/131.mp3,0,15240,next_start
6,29,131,khatma/131.mp3,15240,25260,next_start
6,30,131,khatma/131.mp3,25260,43400,next_start
6,31,131,khatma/131.mp3,43400,85500,next_start
6,32,131,khatma/131.mp3,85500,104360,next_start
6,33,131,khatma/131.mp3,104360,129720,next_start
6,34,131,khatma/131.mp3,129720,157780,next_start
6,35,131,khatma/131.mp3,157780,,
6,36,132,khatma/132.mp3,0,13980,next_start
6,37,132,khatma/132.mp3,13980,32920,next_start
6,38,132,khatma/132.mp3,32920,58120,next_start
6,39,132,khatma/132.mp3,58120,79260,next_start
6,40,132,khatma/132.mp3,79260,94340,next_start
6,41,132,khatma/132.mp3,94340,112300,next_start
6,42,132,khatma/132.mp3,112300,128260,next_start
6,43,132,khatma/132.mp3,128260,145680,next_start
6,44,132,khatma/132.mp3,145680,,
6,45,133,khatma/133.mp3,0,16500,next_start
6,46,133,khatma/133.mp3,16500,42720,next_start
6,47,133,khatma/133.mp3,42720,56780,next_start
6,48,133,khatma/133.mp3,56780,76540,next_start
6,49,133,khatma/133.mp3,76540,93680,next_start
6,50,133,khatma/133.mp3,93680,167040,next_start
6,51,133,khatma/133.mp3,167040,188160,next_start
6,52,133,khatma/133.mp3,188160,,
6,53,134,khatma/134.mp3,0,21020,next_start
6,54,134,khatma/134.mp3,21020,57700,next_start
6,55,134,khatma/134.mp3,57700,66580,next_start
6,56,134,khatma/134.mp3,66580,87940,next_start
6,57,134,khatma/134.mp3,87940,112320,next_start
6,58,134,khatma/134.mp3,112320,128100,next_start
6,59,134,khatma/134.mp3,128100,,
6,60,135,khatma/135.mp3,620,28380,next_start
6,61,135,khatma/135.mp3,28380,46660,next_start
6,62,135,khatma/135.mp3,46660,59000,next_start
6,63,135,khatma/135.mp3,59000,83080,next_start
6,64,135,khatma/135.mp3,83080,94920,next_start
6,65,135,khatma/135.mp3,94920,125800,next_start
6,66,135,khatma/135.mp3,125800,135380,next_start
6,67,135,khatma/135.mp3,135380,143200,next_start
6,68,135,khatma/135.mp3,143200,,
6,69,136,khatma/136.mp3,0,13000,next_start
6,70,136,khatma/136.mp3,13000,59340,next_start
6,71,136,khatma/136.mp3,59340,99640,next_start
6,72,136,khatma/136.mp3,99640,110820,next_start
6,73,136,khatma/136.mp3,110820,,
6,74,137,khatma/137.mp3,420,17020,next_start
6,75,137,khatma/137.mp3,17020,28000,next_start
6,76,137,khatma/137.mp3,28000,43400,next_start
6,77,137,khatma/137.mp3,43400,63220,next_start
6,78,137,khatma/137.mp3,63220,85600,next_start
6,79,137,khatma/137.mp3,85600,99180,next_start
6,80,137,khatma/137.mp3,99180,136060,next_start
6,81,137,khatma/137.mp3,136060,,
6,82,138,khatma/138.mp3,0,14220,next_start
6,83,138,khatma/138.mp3,14220,32540,next_start
6,84,138,khatma/138.mp3,32540,57340,next_start
6,85,138,khatma/138.mp3,57340,66340,next_start
6,86,138,khatma/138.mp3,66340,77260,next_start
6,87,138,khatma/138.mp3,77260,93460,next_start
6,88,138,khatma/138.mp3,93460,109320,next_start
6,89,138,khatma/138.mp3,109320,132940,next_start
6,90,138,khatma/138.mp3,132940,,
6,91,139,khatma/139.mp3,680,49580,next_start
6,92,139,khatma/139.mp3,49580,73800,next_start
6,93,139,khatma/139.mp3,73800,127280,next_start
6,94,139,khatma/139.mp3,127280,,
6,95,140,khatma/140.mp3,420,23840,next_start
6,96,140,khatma/140.mp3,23840,37860,next_start
6,97,140,khatma/140.mp3,37860,51160,next_start
6,98,140,khatma/140.mp3,51160,65240,next_start
6,99,140,khatma/140.mp3,65240,117160,next_start
6,100,140,khatma/140.mp3,117160,134600,next_start
6,101,140,khatma/140.mp3,134600,,
6,111,142,khatma/142.mp3,580,31620,next_start
6,112,142,khatma/142.mp3,31620,55880,next_start
6,113,142,khatma/142.mp3,55880,70900,next_start
6,114,142,khatma/142.mp3,70900,96900,next_start
6,115,142,khatma/142.mp3,96900,111040,next_start
6,116,142,khatma/142.mp3,111040,129140,next_start
6,117,142,khatma/142.mp3,129140,147160,next_start
6,118,142,khatma/142.mp3,147160,,
6,119,143,khatma/143.mp3,600,29920,next_start
6,120,143,khatma/143.mp3,29920,43340,next_start
6,121,143,khatma/143.mp3,43340,69240,next_start
6,122,143,khatma/143.mp3,69240,94660,next_start
6,123,143,khatma/143.mp3,94660,112480,next_start
6,124,143,khatma/143.mp3,112480,,
6,125,144,khatma/144.mp3,1200,38560,next_start
6,126,144,khatma/144.mp3,38560,48520,next_start
6,127,144,khatma/144.mp3,48520,58480,next_start
6,128,144,khatma/144.mp3,58480,99640,next_start
6,129,144,khatma/144.mp3,99640,110380,next_start
6,130,144,khatma/144.mp3,110380,,
6,131,145,khatma/145.mp3,0,800,next_start
6,132,145,khatma/145.mp3,800,14040,next_start
6,133,145,khatma/145.mp3,14040,36460,next_start
6,134,145,khatma/145.mp3,36460,48460,next_start
6,135,145,khatma/145.mp3,48460,72100,next_start
6,136,145,khatma/145.mp3,72100,109860,next_start
6,137,145,khatma/145.mp3,109860,,
6,138,146,khatma/146.mp3,860,30160,next_start
6,139,146,khatma/146.mp3,30160,54560,next_start
6,140,146,khatma/146.mp3,54560,77100,next_start
6,141,146,khatma/146.mp3,77100,115580,next_start
6,142,146,khatma/146.mp3,115580,,
6,143,147,khatma/147.mp3,220,29680,next_start
6,144,147,khatma/147.mp3,29680,72420,next_start
6,145,147,khatma/147.mp3,72420,123860,next_start
6,146,147,khatma/147.mp3,123860,,
6,147,148,khatma/148.mp3,460,13760,next_start
6,148,148,khatma/148.mp3,13760,55640,next_start
6,149,148,khatma/148.mp3,55640,66780,next_start
6,150,148,khatma/148.mp3,66780,98060,next_start
6,151,148,khatma/148.mp3,98060,,
6,158,150,khatma/150.mp3,480,38340,next_start
6,159,150,khatma/150.mp3,38340,60820,next_start
6,160,150,khatma/150.mp3,60820,80500,next_start
6,161,150,khatma/150.mp3,80500,101160,next_start
6,162,150,khatma/150.mp3,101160,115440,next_start
6,163,150,khatma/150.mp3,115440,124060,next_start
6,164,150,khatma/150.mp3,124060,154120,next_start
6,165,150,khatma/150.mp3,154120,,
7,1,151,khatma/151.mp3,0,18220,next_start
7,2,151,khatma/151.mp3,18220,34340,next_start
7,3,151,khatma/151.mp3,34340,61120,next_start
7,4,151,khatma/151.mp3,61120,73580,next_start
7,5,151,khatma/151.mp3,73580,93700,next_start
7,6,151,khatma/151.mp3,93700,104580,next_start
7,7,151,khatma/151.mp3,104580,113300,next_start
7,8,151,khatma/151.mp3,113300,127060,next_start
7,9,151,khatma/151.mp3,127060,141980,next_start
7,10,151,khatma/151.mp3,141980,156140,next_start
7,11,151,khatma/151.mp3,156140,,
7,12,152,khatma/152.mp3,0,16080,next_start
7,13,152,khatma/152.mp3,16080,29880,next_start
7,14,152,khatma/152.mp3,29880,36760,next_start
7,15,152,khatma/152.mp3,36760,42040,next_start
7,16,152,khatma/152.mp3,42040,51360,next_start
7,17,152,khatma/152.mp3,51360,71340,next_start
7,18,152,khatma/152.mp3,71340,90020,next_start
7,19,152,khatma/152.mp3,90020,110020,next_start
7,20,152,khatma/152.mp3,110020,138460,next_start
7,21,152,khatma/152.mp3,138460,149140,next_start
7,22,152,khatma/152.mp3,149140,,
7,23,153,khatma/153.mp3,1460,16880,next_start
7,24,153,khatma/153.mp3,16880,29520,next_start
7,25,153,khatma/153.mp3,29520,42620,next_start
7,26,153,khatma/153.mp3,42620,73040,next_start
7,27,153,khatma/153.mp3,73040,110640,next_start
7,28,153,khatma/153.mp3,110640,139040,next_start
7,29,153,khatma/153.mp3,139040,160460,next_start
7,30,153,khatma/153.mp3,160460,,
7,31,154,khatma/154.mp3,2920,17920,next_start
7,32,154,khatma/154.mp3,17920,47460,next_start
7,33,154,khatma/154.mp3,47460,106020,next_start
7,34,154,khatma/154.mp3,106020,123240,next_start
7,35,154,khatma/154.mp3,123240,144820,next_start
7,36,154,khatma/154.mp3,144820,167160,next_start
7,37,154,khatma/154.mp3,167160,,
7,38,155,khatma/155.mp3,780,57160,next_start
7,39,155,khatma/155.mp3,57160,79160,next_start
7,40,155,khatma/155.mp3,79160,112400,next_start
7,41,155,khatma/155.mp3,112400,128540,next_start
7,42,155,khatma/155.mp3,128540,147500,next_start
7,43,155,khatma/155.mp3,147500,,
7,44,156,khatma/156.mp3,0,46020,next_start
7,45,156,khatma/156.mp3,46020,66460,next_start
7,46,156,khatma/156.mp3,66460,93080,next_start
7,47,156,khatma/156.mp3,93080,118700,next_start
7,48,156,khatma/156.mp3,118700,138080,next_start
7,49,156,khatma/156.mp3,138080,158140,next_start
7,50,156,khatma/156.mp3,158140,187740,next_start
7,51,156,khatma/156.mp3,187740,,
7,52,157,khatma/157.mp3,0,14200,next_start
7,53,157,khatma/157.mp3,14200,54240,next_start
7,54,157,khatma/157.mp3,54240,108820,next_start
7,55,157,khatma/157.mp3,108820,119500,next_start
7,56,157,khatma/157.mp3,119500,145460,next_start
7,57,157,khatma/157.mp3,145460,,
7,58,158,khatma/158.mp3,0,19800,next_start
7,59,158,khatma/158.mp3,19800,44020,next_start
7,60,158,khatma/158.mp3,44020,53960,next_start
7,61,158,khatma/158.mp3,53960,65740,next_start
7,62,158,khatma/158.mp3,65740,80300,next_start
7,63,158,khatma/158.mp3,80300,103780,next_start
7,64,158,khatma/158.mp3,103780,124840,next_start
7,65,158,khatma/158.mp3,124840,138940,next_start
7,66,158,khatma/158.mp3,138940,156280,next_start
7,67,158,khatma/158.mp3,156280,,
7,68,159,khatma/159.mp3,540,9800,next_start
7,69,159,khatma/159.mp3,9800,43680,next_start
7,70,159,khatma/159.mp3,43680,61820,next_start
7,71,159,khatma/159.mp3,61820,101900,next_start
7,72,159,khatma/159.mp3,101900,114580,next_start
7,73,159,khatma/159.mp3,114580,,
7,74,160,khatma/160.mp3,1200,35740,next_start
7,75,160,khatma/160.mp3,35740,64320,next_start
7,76,160,khatma/160.mp3,64320,75340,next_start
7,77,160,khatma/160.mp3,75340,91540,next_start
7,78,160,khatma/160.mp3,91540,98640,next_start
7,79,160,khatma/160.mp3,98640,117060,next_start
7,80,160,khatma/160.mp3,117060,130580,next_start
7,81,160,khatma/160.mp3,130580,,
7,88,162,khatma/162.mp3,800,26620,next_start
7,89,162,khatma/162.mp3,26620,68080,next_start
7,90,162,khatma/162.mp3,68080,80460,next_start
7,91,162,khatma/162.mp3,80460,88400,next_start
7,92,162,khatma/162.mp3,88400,104780,next_start
7,93,162,khatma/162.mp3,104780,123560,next_start
7,94,162,khatma/162.mp3,123560,142100,next_start
7,95,162,khatma/162.mp3,142100,,
7,96,163,khatma/163.mp3,0,36140,next_start
7,97,163,khatma/163.mp3,36140,50440,next_start
7,98,163,khatma/163.mp3,50440,71480,next_start
7,99,163,khatma/163.mp3,71480,95120,next_start
7,100,163,khatma/163.mp3,95120,116080,next_start
7,101,163,khatma/163.mp3,116080,144280,next_start
7,102,163,khatma/163.mp3,144280,157340,next_start
7,103,163,khatma/163.mp3,157340,175680,next_start
7,104,163,khatma/163.mp3,175680,,
7,105,164,khatma/164.mp3,0,19240,next_start
7,106,164,khatma/164.mp3,19240,32120,next_start
7,107,164,khatma/164.mp3,32120,36720,next_start
7,108,164,khatma/164.mp3,36720,45640,next_start
7,109,164,khatma/164.mp3,45640,54320,next_start
7,110,164,khatma/164.mp3,54320,62400,next_start
7,111,164,khatma/164.mp3,62400,71680,next_start
7,112,164,khatma/164.mp3,71680,75860,next_start
7,113,164,khatma/164.mp3,75860,89340,next_start
7,114,164,khatma/164.mp3,89340,95380,next_start
7,115,164,khatma/164.mp3,95380,108120,next_start
7,116,164,khatma/164.mp3,108120,126300,next_start
7,117,164,khatma/164.mp3,126300,140300,next_start
7,118,164,khatma/164.mp3,140300,147460,next_start
7,119,164,khatma/164.mp3,147460,154620,next_start
7,120,164,khatma/164.mp3,154620,,
7,121,165,khatma/165.mp3,960,7000,next_start
7,122,165,khatma/165.mp3,7000,11560,next_start
7,123,165,khatma/165.mp3,11560,34680,next_start
7,124,165,khatma/165.mp3,34680,48560,next_start
7,125,165,khatma/165.mp3,48560,55860,next_start
7,126,165,khatma/165.mp3,55860,81300,next_start
7,127,165,khatma/165.mp3,81300,106480,next_start
7,128,165,khatma/165.mp3,106480,127100,next_start
7,129,165,khatma/165.mp3,127100,150000,next_start
7,130,165,khatma/165.mp3,150000,,
7,131,166,khatma/166.mp3,580,32660,next_start
7,132,166,khatma/166.mp3,32660,44900,next_start
7,133,166,khatma/166.mp3,44900,69960,next_start
7,134,166,khatma/166.mp3,69960,92820,next_start
7,135,166,khatma/166.mp3,92820,106720,next_start
7,136,166,khatma/166.mp3,106720,122700,next_start
7,137,166,khatma/166.mp3,122700,,
7,138,167,khatma/167.mp3,880,28180,next_start
7,139,167,khatma/167.mp3,28180,49600,next_start
7,140,167,khatma/167.mp3,49600,60820,next_start
7,141,167,khatma/167.mp3,60820,92340,next_start
7,142,167,khatma/167.mp3,92340,116920,next_start
7,143,167,khatma/167.mp3,116920,,
7,144,168,khatma/168.mp3,780,18780,next_start
7,145,168,khatma/168.mp3,18780,45200,next_start
7,146,168,khatma/168.mp3,45200,80200,next_start
7,147,168,khatma/168.mp3,80200,100140,next_start
7,148,168,khatma/168.mp3,100140,123580,next_start
7,149,168,khatma/168.mp3,123580,,
7,156,170,khatma/170.mp3,1560,39180,next_start
7,157,170,khatma/170.mp3,39180,93280,next_start
7,158,170,khatma/170.mp3,93280,128420,next_start
7,159,170,khatma/170.mp3,128420,,
7,160,171,khatma/171.mp3,2700,51140,next_start
7,161,171,khatma/171.mp3,51140,74500,next_start
7,162,171,khatma/171.mp3,74500,93540,next_start
7,163,171,khatma/171.mp3,93540,,
7,164,172,khatma/172.mp3,860,21480,next_start
7,165,172,khatma/172.mp3,21480,43060,next_start
7,166,172,khatma/172.mp3,43060,53060,next_start
7,167,172,khatma/172.mp3,53060,83100,next_start
7,168,172,khatma/172.mp3,83100,99640,next_start
7,169,172,khatma/172.mp3,99640,150200,next_start
7,170,172,khatma/172.mp3,150200,,
7,171,173,khatma/173.mp3,0,24060,next_start
7,172,173,khatma/173.mp3,24060,56620,next_start
7,173,173,khatma/173.mp3,56620,75600,next_start
7,174,173,khatma/173.mp3,75600,84460,next_start
7,175,173,khatma/173.mp3,84460,104040,next_start
7,176,173,khatma/173.mp3,104040,142320,next_start
7,177,173,khatma/173.mp3,142320,156340,next_start
7,178,173,khatma/173.mp3,156340,,
7,179,174,khatma/174.mp3,640,51360,next_start
7,180,174,khatma/174.mp3,51360,68680,next_start
7,181,174,khatma/174.mp3,68680,76860,next_start
7,182,174,khatma/174.mp3,76860,86200,next_start
7,183,174,khatma/174.mp3,86200,91880,next_start
7,184,174,khatma/174.mp3,91880,105260,next_start
7,185,174,khatma/174.mp3,105260,130920,next_start
7,186,174,khatma/174.mp3,130920,142780,next_start
7,187,174,khatma/174.mp3,142780,,
7,188,175,khatma/175.mp3,0,28360,next_start
7,189,175,khatma/175.mp3,28360,67760,next_start
7,190,175,khatma/175.mp3,67760,86540,next_start
7,191,175,khatma/175.mp3,86540,93000,next_start
7,192,175,khatma/175.mp3,93000,103460,next_start
7,193,175,khatma/175.mp3,103460,120500,next_start
7,194,175,khatma/175.mp3,120500,146180,next_start
7,195,175,khatma/175.mp3,146180,,
7,196,176,khatma/176.mp3,0,21280,next_start
7,197,176,khatma/176.mp3,21280,33980,next_start
7,198,176,khatma/176.mp3,33980,50520,next_start
7,199,176,khatma/176.mp3,50520,56580,next_start
7,200,176,khatma/176.mp3,56580,96620,next_start
7,201,176,khatma/176.mp3,96620,111380,next_start
7,202,176,khatma/176.mp3,111380,119520,next_start
7,203,176,khatma/176.mp3,119520,147940,next_start
7,204,176,khatma/176.mp3,147940,170280,next_start
7,205,176,khatma/176.mp3,170280,207200,next_start
7,206,176,khatma/176.mp3,207200,,
8,1,177,khatma/177.mp3,10140,31120,next_start
8,2,177,khatma/177.mp3,31120,53240,next_start
8,3,177,khatma/177.mp3,53240,62920,next_start
8,4,177,khatma/177.mp3,62920,78920,next_start
8,5,177,khatma/177.mp3,78920,93760,next_start
8,6,177,khatma/177.mp3,93760,123680,next_start
8,7,177,khatma/177.mp3,123680,151620,next_start
8,8,177,khatma/177.mp3,151620,,
8,9,178,khatma/178.mp3,760,15460,next_start
8,10,178,khatma/178.mp3,15460,36940,next_start
8,11,178,khatma/178.mp3,36940,70440,next_start
8,12,178,khatma/178.mp3,70440,104340,next_start
8,13,178,khatma/178.mp3,104340,131760,next_start
8,14,178,khatma/178.mp3,131760,149920,next_start
8,15,178,khatma/178.mp3,149920,167880,next_start
8,16,178,khatma/178.mp3,167880,,
8,17,179,khatma/179.mp3,0,32320,next_start
8,18,179,khatma/179.mp3,32320,38200,next_start
8,19,179,khatma/179.mp3,38200,70540,next_start
8,20,179,khatma/179.mp3,70540,81960,next_start
8,21,179,khatma/179.mp3,81960,90720,next_start
8,22,179,khatma/179.mp3,90720,105720,next_start
8,23,179,khatma/179.mp3,105720,122640,next_start
8,24,179,khatma/179.mp3,122640,150460,next_start
8,25,179,khatma/179.mp3,150460,,
8,26,180,khatma/180.mp3,0,37660,next_start
8,27,180,khatma/180.mp3,37660,76220,next_start
8,28,180,khatma/180.mp3,76220,93800,next_start
8,29,180,khatma/180.mp3,93800,119280,next_start
8,30,180,khatma/180.mp3,119280,150200,next_start
8,31,180,khatma/180.mp3,150200,174200,next_start
8,32,180,khatma/180.mp3,174200,193500,next_start
8,33,180,khatma/180.mp3,193500,,
8,41,182,khatma/182.mp3,2600,41440,next_start
8,42,182,khatma/182.mp3,41440,81120,next_start
8,43,182,khatma/182.mp3,81120,105160,next_start
8,44,182,khatma/182.mp3,105160,130880,next_start
8,45,182,khatma/182.mp3,130880,,
8,46,183,khatma/183.mp3,2460,22080,next_start
8,47,183,khatma/183.mp3,22080,42220,next_start
8,48,183,khatma/183.mp3,42220,83420,next_start
8,49,183,khatma/183.mp3,83420,105140,next_start
8,50,183,khatma/183.mp3,105140,127540,next_start
8,51,183,khatma/183.mp3,127540,139860,next_start
8,52,183,khatma/183.mp3,139860,,
8,53,184,khatma/184.mp3,0,25220,next_start
8,54,184,khatma/184.mp3,25220,50400,next_start
8,55,184,khatma/184.mp3,50400,61420,next_start
8,56,184,khatma/184.mp3,61420,76940,next_start
8,57,184,khatma/184.mp3,76940,88800,next_start
8,58,184,khatma/184.mp3,88800,107940,next_start
8,59,184,khatma/184.mp3,107940,117660,next_start
8,60,184,khatma/184.mp3,117660,158780,next_start
8,61,184,khatma/184.mp3,158780,,
8,62,185,khatma/185.mp3,0,30420,next_start
8,63,185,khatma/185.mp3,30420,54500,next_start
8,64,185,khatma/185.mp3,54500,74440,next_start
8,65,185,khatma/185.mp3,74440,113760,next_start
8,66,185,khatma/185.mp3,113760,144040,next_start
8,67,185,khatma/185.mp3,144040,165680,next_start
8,68,185,khatma/185.mp3,165680,175820,next_start
8,69,185,khatma/185.mp3,175820,,
8,70,186,khatma/186.mp3,2300,45220,next_start
8,71,186,khatma/186.mp3,45220,59500,next_start
8,72,186,khatma/186.mp3,59500,127700,next_start
8,73,186,khatma/186.mp3,127700,143460,next_start
8,74,186,khatma/186.mp3,143460,190980,next_start
8,75,186,khatma/186.mp3,190980,,
9,1,187,khatma/187.mp3,6660,19820,next_start
9,2,187,khatma/187.mp3,19820,37700,next_start
9,3,187,khatma/187.mp3,37700,77940,next_start
9,4,187,khatma/187.mp3,77940,110820,next_start
9,5,187,khatma/187.mp3,110820,141220,next_start
9,6,187,khatma/187.mp3,141220,,
9,7,188,khatma/188.mp3,400,27380,next_start
9,8,188,khatma/188.mp3,27380,52360,next_start
9,9,188,khatma/188.mp3,52360,71580,next_start
9,10,188,khatma/188.mp3,71580,84620,next_start
9,11,188,khatma/188.mp3,84620,104860,next_start
9,12,188,khatma/188.mp3,104860,134300,next_start
9,13,188,khatma/188.mp3,134300,,
9,21,190,khatma/190.mp3,0,13060,next_start
9,22,190,khatma/190.mp3,13060,27240,next_start
9,23,190,khatma/190.mp3,27240,52560,next_start
9,24,190,khatma/190.mp3,52560,105880,next_start
9,25,190,khatma/190.mp3,105880,135040,next_start
9,26,190,khatma/190.mp3,135040,,
9,27,191,khatma/191.mp3,40,16240,next_start
9,28,191,khatma/191.mp3,16240,46380,next_start
9,29,191,khatma/191.mp3,46380,74920,next_start
9,30,191,khatma/191.mp3,74920,106800,next_start
9,31,191,khatma/191.mp3,106800,,
9,37,193,khatma/193.mp3,60,37940,next_start
9,38,193,khatma/193.mp3,37940,68180,next_start
9,39,193,khatma/193.mp3,68180,87760,next_start
9,40,193,khatma/193.mp3,87760,,
9,41,194,khatma/194.mp3,880,19960,next_start
9,42,194,khatma/194.mp3,19960,50540,next_start
9,43,194,khatma/194.mp3,50540,64340,next_start
9,44,194,khatma/194.mp3,64340,84600,next_start
9,45,194,khatma/194.mp3,84600,101400,next_start
9,46,194,khatma/194.mp3,101400,124400,next_start
9,47,194,khatma/194.mp3,124400,,
9,48,195,khatma/195.mp3,720,19800,next_start
9,49,195,khatma/195.mp3,19800,38020,next_start
9,50,195,khatma/195.mp3,38020,56300,next_start
9,51,195,khatma/195.mp3,56300,72140,next_start
9,52,195,khatma/195.mp3,72140,101460,next_start
9,53,195,khatma/195.mp3,101460,121480,next_start
9,54,195,khatma/195.mp3,121480,,
9,55,196,khatma/196.mp3,0,21920,next_start
9,56,196,khatma/196.mp3,21920,34920,next_start
9,57,196,khatma/196.mp3,34920,46100,next_start
9,58,196,khatma/196.mp3,46100,63300,next_start
9,59,196,khatma/196.mp3,63300,92260,next_start
9,60,196,khatma/196.mp3,92260,119660,next_start
9,61,196,khatma/196.mp3,119660,,
9,62,197,khatma/197.mp3,900,15620,next_start
9,63,197,khatma/197.mp3,15620,39260,next_start
9,64,197,khatma/197.mp3,39260,61640,next_start
9,65,197,khatma/197.mp3,61640,80180,next_start
9,66,197,khatma/197.mp3,80180,102540,next_start
9,67,197,khatma/197.mp3,102540,126540,next_start
9,68,197,khatma/197.mp3,126540,,
9,69,198,khatma/198.mp3,0,43020,next_start
9,70,198,khatma/198.mp3,43020,75880,next_start
9,71,198,khatma/198.mp3,75880,108000,next_start
9,72,198,khatma/198.mp3,108000,,
9,73,199,khatma/199.mp3,1740,14740,next_start
9,74,199,khatma/199.mp3,14740,59520,next_start
9,75,199,khatma/199.mp3,59520,73880,next_start
9,76,199,khatma/199.mp3,73880,85380,next_start
9,77,199,khatma/199.mp3,85380,107100,next_start
9,78,199,khatma/199.mp3,107100,121080,next_start
9,79,199,khatma/199.mp3,121080,,
9,80,200,khatma/200.mp3,860,25740,next_start
9,81,200,khatma/200.mp3,25740,56000,next_start
9,82,200,khatma/200.mp3,56000,69500,next_start
9,83,200,khatma/200.mp3,69500,102660,next_start
9,84,200,khatma/200.mp3,102660,121800,next_start
9,85,200,khatma/200.mp3,121800,140600,next_start
9,86,200,khatma/200.mp3,140600,,
9,94,202,khatma/202.mp3,180,32280,next_start
9,95,202,khatma/202.mp3,32280,55820,next_start
9,96,202,khatma/202.mp3,55820,70280,next_start
9,97,202,khatma/202.mp3,70280,88710,next_start
9,98,202,khatma/202.mp3,88710,107140,next_start
9,99,202,khatma/202.mp3,107140,,
9,100,203,khatma/203.mp3,0,26800,next_start
9,101,203,khatma/203.mp3,26800,49740,next_start
9,102,203,khatma/203.mp3,49740,67160,next_start
9,103,203,khatma/203.mp3,67160,85400,next_start
9,104,203,khatma/203.mp3,85400,102960,next_start
9,105,203,khatma/203.mp3,102960,125580,next_start
9,106,203,khatma/203.mp3,125580,,
9,107,204,khatma/204.mp3,0,28080,next_start
9,108,204,khatma/204.mp3,28080,53380,next_start
9,109,204,khatma/204.mp3,53380,82060,next_start
9,110,204,khatma/204.mp3,82060,97180,next_start
9,111,204,khatma/204.mp3,97180,,
9,112,205,khatma/205.mp3,3320,28940,next_start
9,113,205,khatma/205.mp3,28940,49540,next_start
9,114,205,khatma/205.mp3,49540,77220,next_start
9,115,205,khatma/205.mp3,77220,95620,next_start
9,116,205,khatma/205.mp3,95620,118460,next_start
9,117,205,khatma/205.mp3,118460,,
9,118,206,khatma/206.mp3,0,43960,next_start
9,119,206,khatma/206.mp3,43960,50600,next_start
9,120,206,khatma/206.mp3,50600,100180,next_start
9,121,206,khatma/206.mp3,100180,122840,next_start
9,122,206,khatma/206.mp3,122840,,
9,123,207,khatma/207.mp3,2460,19940,next_start
9,124,207,khatma/207.mp3,19940,44000,next_start
9,125,207,khatma/207.mp3,44000,57820,next_start
9,126,207,khatma/207.mp3,57820,80600,next_start
9,127,207,khatma/207.mp3,80600,105320,next_start
9,128,207,khatma/207.mp3,105320,131540,next_start
9,129,207,khatma/207.mp3,131540,,
10,1,208,khatma/208.mp3,13880,18080,next_start
10,2,208,khatma/208.mp3,18080,50540,next_start
10,3,208,khatma/208.mp3,50540,82960,next_start
10,4,208,khatma/208.mp3,82960,116280,next_start
10,5,208,khatma/208.mp3,116280,149200,next_start
10,6,208,khatma/208.mp3,149200,,
10,15,210,khatma/210.mp3,1360,56400,next_start
10,16,210,khatma/210.mp3,56400,79300,next_start
10,17,210,khatma/210.mp3,79300,95520,next_start
10,18,210,khatma/210.mp3,95520,139420,next_start
10,19,210,khatma/210.mp3,139420,167940,next_start
10,20,210,khatma/210.mp3,167940,,
10,21,211,khatma/211.mp3,100,30100,next_start
10,22,211,khatma/211.mp3,30100,96520,next_start
10,23,211,khatma/211.mp3,96520,130980,next_start
10,24,211,khatma/211.mp3,130980,190900,next_start
10,25,211,khatma/211.mp3,190900,,
10,26,212,khatma/212.mp3,0,20220,next_start
10,27,212,khatma/212.mp3,20220,53400,next_start
10,28,212,khatma/212.mp3,53400,80900,next_start
10,29,212,khatma/212.mp3,80900,97560,next_start
10,30,212,khatma/212.mp3,97560,121860,next_start
10,31,212,khatma/212.mp3,121860,163480,next_start
10,32,212,khatma/212.mp3,163480,185760,next_start
10,33,212,khatma/212.mp3,185760,,
10,34,213,khatma/213.mp3,100,22300,next_start
10,35,213,khatma/213.mp3,22300,61580,next_start
10,36,213,khatma/213.mp3,61580,85020,next_start
10,37,213,khatma/213.mp3,85020,114240,next_start
10,38,213,khatma/213.mp3,114240,134900,next_start
10,39,213,khatma/213.mp3,134900,158780,next_start
10,40,213,khatma/213.mp3,158780,173860,next_start
10,41,213,khatma/213.mp3,173860,198280,next_start
10,42,213,khatma/213.mp3,198280,,
10,43,214,khatma/214.mp3,80,13220,next_start
10,44,214,khatma/214.mp3,13220,26560,next_start
10,45,214,khatma/214.mp3,26560,48940,next_start
10,46,214,khatma/214.mp3,48940,75140,next_start
10,47,214,khatma/214.mp3,75140,93520,next_start
10,48,214,khatma/214.mp3,93520,102080,next_start
10,49,214,khatma/214.mp3,102080,127680,next_start
10,50,214,khatma/214.mp3,127680,141660,next_start
10,51,214,khatma/214.mp3,141660,162660,next_start
10,52,214,khatma/214.mp3,162660,179480,next_start
10,53,214,khatma/214.mp3,179480,,
10,54,215,khatma/215.mp3,0,18940,next_start
10,55,215,khatma/215.mp3,18940,35400,next_start
10,56,215,khatma/215.mp3,35400,45440,next_start
10,57,215,khatma/215.mp3,45440,64020,next_start
10,58,215,khatma/215.mp3,64020,81000,next_start
10,59,215,khatma/215.mp3,81000,104060,next_start
10,60,215,khatma/215.mp3,104060,125940,next_start
10,61,215,khatma/215.mp3,125940,,
10,62,216,khatma/216.mp3,2140,18860,next_start
10,63,216,khatma/216.mp3,18860,24460,next_start
10,64,216,khatma/216.mp3,24460,39640,next_start
10,65,216,khatma/216.mp3,39640,51620,next_start
10,66,216,khatma/216.mp3,51620,77860,next_start
10,67,216,khatma/216.mp3,77860,94480,next_start
10,68,216,khatma/216.mp3,94480,120600,next_start
10,69,216,khatma/216.mp3,120600,130740,next_start
10,70,216,khatma/216.mp3,130740,,
10,71,217,khatma/217.mp3,0,46560,next_start
10,72,217,khatma/217.mp3,46560,65260,next_start
10,73,217,khatma/217.mp3,65260,89420,next_start
10,74,217,khatma/217.mp3,89420,117460,next_start
10,75,217,khatma/217.mp3,117460,138720,next_start
10,76,217,khatma/217.mp3,138720,153060,next_start
10,77,217,khatma/217.mp3,153060,172300,next_start
10,78,217,khatma/217.mp3,172300,,
10,79,218,khatma/218.mp3,100,7280,next_start
10,80,218,khatma/218.mp3,7280,21660,next_start
10,81,218,khatma/218.mp3,21660,41580,next_start
10,82,218,khatma/218.mp3,41580,49980,next_start
10,83,218,khatma/218.mp3,49980,73760,next_start
10,84,218,khatma/218.mp3,73760,95580,next_start
10,85,218,khatma/218.mp3,95580,111420,next_start
10,86,218,khatma/218.mp3,111420,118400,next_start
10,87,218,khatma/218.mp3,118400,142520,next_start
10,88,218,khatma/218.mp3,142520,,
10,89,219,khatma/219.mp3,0,15860,next_start
10,90,219,khatma/219.mp3,15860,61220,next_start
10,91,219,khatma/219.mp3,61220,67240,next_start
10,92,219,khatma/219.mp3,67240,85140,next_start
10,93,219,khatma/219.mp3,85140,112640,next_start
10,94,219,khatma/219.mp3,112640,138580,next_start
10,95,219,khatma/219.mp3,138580,149780,next_start
10,96,219,khatma/219.mp3,149780,161360,next_start
10,97,219,khatma/219.mp3,161360,,
10,98,220,khatma/220.mp3,0,32140,next_start
10,99,220,khatma/220.mp3,32140,54600,next_start
10,100,220,khatma/220.mp3,54600,78180,next_start
10,101,220,khatma/220.mp3,78180,117540,next_start
10,102,220,khatma/220.mp3,117540,137620,next_start
10,103,220,khatma/220.mp3,137620,161780,next_start
10,104,220,khatma/220.mp3,161780,188880,next_start
10,105,220,khatma/220.mp3,188880,198800,next_start
10,106,220,khatma/220.mp3,198800,,
11,6,222,khatma/222.mp3,0,23000,next_start
11,7,222,khatma/222.mp3,23000,61200,next_start
11,8,222,khatma/222.mp3,61200,86800,next_start
11,9,222,khatma/222.mp3,86800,103540,next_start
11,10,222,khatma/222.mp3,103540,123520,next_start
11,11,222,khatma/222.mp3,123520,136960,next_start
11,12,222,khatma/222.mp3,136960,,
11,13,223,khatma/223.mp3,0,19980,next_start
11,14,223,khatma/223.mp3,19980,37180,next_start
11,15,223,khatma/223.mp3,37180,51900,next_start
11,16,223,khatma/223.mp3,51900,69580,next_start
11,17,223,khatma/223.mp3,69580,109580,next_start
11,18,223,khatma/223.mp3,109580,144320,next_start
11,19,223,khatma/223.mp3,144320,,
11,20,224,khatma/224.mp3,1160,25920,next_start
11,21,224,khatma/224.mp3,25920,37020,next_start
11,22,224,khatma/224.mp3,37020,43700,next_start
11,23,224,khatma/224.mp3,43700,62100,next_start
11,24,224,khatma/224.mp3,62100,77840,next_start
11,25,224,khatma/224.mp3,77840,88000,next_start
11,26,224,khatma/224.mp3,88000,102000,next_start
11,27,224,khatma/224.mp3,102000,127560,next_start
11,28,224,khatma/224.mp3,127560,,
11,29,225,khatma/225.mp3,1240,29860,next_start
11,30,225,khatma/225.mp3,29860,39160,next_start
11,31,225,khatma/225.mp3,39160,73100,next_start
11,32,225,khatma/225.mp3,73100,89680,next_start
11,33,225,khatma/225.mp3,89680,106040,next_start
11,34,225,khatma/225.mp3,106040,124680,next_start
11,35,225,khatma/225.mp3,124680,141020,next_start
11,36,225,khatma/225.mp3,141020,160020,next_start
11,37,225,khatma/225.mp3,160020,,
11,38,226,khatma/226.mp3,0,21140,next_start
11,39,226,khatma/226.mp3,21140,34220,next_start
11,40,226,khatma/226.mp3,34220,65000,next_start
11,41,226,khatma/226.mp3,65000,92680,next_start
11,42,226,khatma/226.mp3,92680,130960,next_start
11,43,226,khatma/226.mp3,130960,161900,next_start
11,44,226,khatma/226.mp3,161900,188140,next_start
11,45,226,khatma/226.mp3,188140,,
11,46,227,khatma/227.mp3,460,23580,next_start
11,47,227,khatma/227.mp3,23580,47940,next_start
11,48,227,khatma/227.mp3,47940,68480,next_start
11,49,227,khatma/227.mp3,68480,93180,next_start
11,50,227,khatma/227.mp3,93180,109040,next_start
11,51,227,khatma/227.mp3,109040,123260,next_start
11,52,227,khatma/227.mp3,123260,142260,next_start
11,53,227,khatma/227.mp3,142260,,
11,54,228,khatma/228.mp3,0,20460,next_start
11,55,228,khatma/228.mp3,20460,30360,next_start
11,56,228,khatma/228.mp3,30360,53360,next_start
11,57,228,khatma/228.mp3,53360,76520,next_start
11,58,228,khatma/228.mp3,76520,100080,next_start
11,59,228,khatma/228.mp3,100080,118140,next_start
11,60,228,khatma/228.mp3,118140,145680,next_start
11,61,228,khatma/228.mp3,145680,177900,next_start
11,62,228,khatma/228.mp3,177900,,
11,72,230,khatma/230.mp3,280,23980,next_start
11,73,230,khatma/230.mp3,23980,45740,next_start
11,74,230,khatma/230.mp3,45740,63900,next_start
11,75,230,khatma/230.mp3,63900,76600,next_start
11,76,230,khatma/230.mp3,76600,91100,next_start
11,77,230,khatma/230.mp3,91100,105560,next_start
11,78,230,khatma/230.mp3,105560,137940,next_start
11,79,230,khatma/230.mp3,137940,150400,next_start
11,80,230,khatma/230.mp3,150400,162420,next_start
11,81,230,khatma/230.mp3,162420,,
11,82,231,khatma/231.mp3,0,28700,next_start
11,83,231,khatma/231.mp3,28700,39080,next_start
11,84,231,khatma/231.mp3,39080,66720,next_start
11,85,231,khatma/231.mp3,66720,80040,next_start
11,86,231,khatma/231.mp3,80040,92460,next_start
11,87,231,khatma/231.mp3,92460,117660,next_start
11,88,231,khatma/231.mp3,117660,,
11,89,232,khatma/232.mp3,1140,33460,next_start
11,90,232,khatma/232.mp3,33460,60820,next_start
11,91,232,khatma/232.mp3,60820,83400,next_start
11,92,232,khatma/232.mp3,83400,105420,next_start
11,93,232,khatma/232.mp3,105420,130420,next_start
11,94,232,khatma/232.mp3,130420,169820,next_start
11,95,232,khatma/232.mp3,169820,187060,next_start
11,96,232,khatma/232.mp3,187060,195220,next_start
11,97,232,khatma/232.mp3,195220,,
11,98,233,khatma/233.mp3,140,11480,next_start
11,99,233,khatma/233.mp3,11480,22460,next_start
11,100,233,khatma/233.mp3,22460,38060,next_start
11,101,233,khatma/233.mp3,38060,66080,next_start
11,102,233,khatma/233.mp3,66080,88600,next_start
11,103,233,khatma/233.mp3,88600,108480,next_start
11,104,233,khatma/233.mp3,108480,115980,next_start
11,105,233,khatma/233.mp3,115980,127140,next_start
11,106,233,khatma/233.mp3,127140,140800,next_start
11,107,233,khatma/233.mp3,140800,163700,next_start
11,108,233,khatma/233.mp3,163700,,
11,109,234,khatma/234.mp3,0,25500,next_start
11,110,234,khatma/234.mp3,25500,43540,next_start
11,111,234,khatma/234.mp3,43540,58480,next_start
11,112,234,khatma/234.mp3,58480,71440,next_start
11,113,234,khatma/234.mp3,71440,93140,next_start
11,114,234,khatma/234.mp3,93140,153460,next_start
11,115,234,khatma/234.mp3,153460,160820,next_start
11,116,234,khatma/234.mp3,160820,190420,next_start
11,117,234,khatma/234.mp3,190420,,
11,118,235,khatma/235.mp3,0,13840,next_start
11,119,235,khatma/235.mp3,13840,34440,next_start
11,120,235,khatma/235.mp3,34440,57360,next_start
11,121,235,khatma/235.mp3,57360,73140,next_start
11,122,235,khatma/235.mp3,73140,78120,next_start
11,123,235,khatma/235.mp3,78120,113880,next_start
12,1,235,khatma/235.mp3,113880,118560,next_start
12,2,235,khatma/235.mp3,118560,127380,next_start
12,3,235,khatma/235.mp3,127380,152540,next_start
12,4,235,khatma/235.mp3,152540,,
12,5,236,khatma/236.mp3,0,15880,next_start
12,6,236,khatma/236.mp3,15880,48300,next_start
12,7,236,khatma/236.mp3,48300,58600,next_start
12,8,236,khatma/236.mp3,58600,74000,next_start
12,9,236,khatma/236.mp3,74000,88500,next_start
12,10,236,khatma/236.mp3,88500,107580,next_start
12,11,236,khatma/236.mp3,107580,119260,next_start
12,12,236,khatma/236.mp3,119260,129220,next_start
12,13,236,khatma/236.mp3,129220,145560,next_start
12,14,236,khatma/236.mp3,145560,,
12,15,237,khatma/237.mp3,580,33880,next_start
12,16,237,khatma/237.mp3,33880,40600,next_start
12,17,237,khatma/237.mp3,40600,65460,next_start
12,18,237,khatma/237.mp3,65460,107520,next_start
12,19,237,khatma/237.mp3,107520,130380,next_start
12,20,237,khatma/237.mp3,130380,141960,next_start
12,21,237,khatma/237.mp3,141960,187540,next_start
12,22,237,khatma/237.mp3,187540,,
12,23,238,khatma/238.mp3,0,38000,next_start
12,24,238,khatma/238.mp3,38000,60460,next_start
12,25,238,khatma/238.mp3,60460,85380,next_start
12,26,238,khatma/238.mp3,85380,108960,next_start
12,27,238,khatma/238.mp3,108960,129260,next_start
12,28,238,khatma/238.mp3,129260,147040,next_start
12,29,238,khatma/238.mp3,147040,160220,next_start
12,30,238,khatma/238.mp3,160220,,
12,31,239,khatma/239.mp3,320,68260,next_start
12,32,239,khatma/239.mp3,68260,95920,next_start
12,33,239,khatma/239.mp3,95920,129040,next_start
12,34,239,khatma/239.mp3,129040,142540,next_start
12,35,239,khatma/239.mp3,142540,157940,next_start
12,36,239,khatma/239.mp3,157940,190820,next_start
12,37,239,khatma/239.mp3,190820,,
12,38,240,khatma/240.mp3,1420,47780,next_start
12,39,240,khatma/240.mp3,47780,61920,next_start
12,40,240,khatma/240.mp3,61920,109780,next_start
12,41,240,khatma/240.mp3,109780,131300,next_start
12,42,240,khatma/240.mp3,131300,152660,next_start
12,43,240,khatma/240.mp3,152660,,
12,53,242,khatma/242.mp3,0,19800,next_start
12,54,242,khatma/242.mp3,19800,41580,next_start
12,55,242,khatma/242.mp3,41580,51320,next_start
12,56,242,khatma/242.mp3,51320,74160,next_start
12,57,242,khatma/242.mp3,74160,81640,next_start
12,58,242,khatma/242.mp3,81640,92480,next_start
12,59,242,khatma/242.mp3,92480,112220,next_start
12,60,242,khatma/242.mp3,112220,121200,next_start
12,61,242,khatma/242.mp3,121200,128940,next_start
12,62,242,khatma/242.mp3,128940,151140,next_start
12,63,242,khatma/242.mp3,151140,,
12,64,243,khatma/243.mp3,780,24000,next_start
12,65,243,khatma/243.mp3,24000,55220,next_start
12,66,243,khatma/243.mp3,55220,83620,next_start
12,67,243,khatma/243.mp3,83620,115960,next_start
12,68,243,khatma/243.mp3,115960,156140,next_start
12,69,243,khatma/243.mp3,156140,,
12,70,244,khatma/244.mp3,6180,24260,next_start
12,71,244,khatma/244.mp3,24260,31280,next_start
12,72,244,khatma/244.mp3,31280,43200,next_start
12,73,244,khatma/244.mp3,43200,54820,next_start
12,74,244,khatma/244.mp3,54820,64000,next_start
12,75,244,khatma/244.mp3,64000,75880,next_start
12,76,244,khatma/244.mp3,75880,114380,next_start
12,77,244,khatma/244.mp3,114380,143480,next_start
12,78,244,khatma/244.mp3,143480,,
12,79,245,khatma/245.mp3,660,15480,next_start
12,80,245,khatma/245.mp3,15480,66280,next_start
12,81,245,khatma/245.mp3,66280,91080,next_start
12,82,245,khatma/245.mp3,91080,103800,next_start
12,83,245,khatma/245.mp3,103800,146880,next_start
12,84,245,khatma/245.mp3,146880,160680,next_start
12,85,245,khatma/245.mp3,160680,178820,next_start
12,86,245,khatma/245.mp3,178820,,
12,87,246,khatma/246.mp3,2280,24260,next_start
12,88,246,khatma/246.mp3,24260,54600,next_start
12,89,246,khatma/246.mp3,54600,66720,next_start
12,90,246,khatma/246.mp3,66720,102360,next_start
12,91,246,khatma/246.mp3,102360,119160,next_start
12,92,246,khatma/246.mp3,119160,152220,next_start
12,93,246,khatma/246.mp3,152220,165620,next_start
12,94,246,khatma/246.mp3,165620,189380,next_start
12,95,246,khatma/246.mp3,189380,,
12,96,247,khatma/247.mp3,0,20880,next_start
12,97,247,khatma/247.mp3,20880,32560,next_start
12,98,247,khatma/247.mp3,32560,43340,next_start
12,99,247,khatma/247.mp3,43340,67000,next_start
12,100,247,khatma/247.mp3,67000,121000,next_start
12,101,247,khatma/247.mp3,121000,156920,next_start
12,102,247,khatma/247.mp3,156920,173820,next_start
12,103,247,khatma/247.mp3,173820,,
12,104,248,khatma/248.mp3,0,11040,next_start
12,105,248,khatma/248.mp3,11040,25080,next_start
12,106,248,khatma/248.mp3,25080,34320,next_start
12,107,248,khatma/248.mp3,34320,51780,next_start
12,108,248,khatma/248.mp3,51780,71560,next_start
12,109,248,khatma/248.mp3,71560,102700,next_start
12,110,248,khatma/248.mp3,102700,161060,next_start
12,111,248,khatma/248.mp3,161060,,
13,6,250,khatma/250.mp3,0,25300,next_start
13,7,250,khatma/250.mp3,25300,46580,next_start
13,8,250,khatma/250.mp3,46580,63560,next_start
13,9,250,khatma/250.mp3,63560,71960,next_start
13,10,250,khatma/250.mp3,71960,93980,next_start
13,11,250,khatma/250.mp3,93980,131880,next_start
13,12,250,khatma/250.mp3,131880,143000,next_start
13,13,250,khatma/250.mp3,143000,,
13,14,251,khatma/251.mp3,0,43760,next_start
13,15,251,khatma/251.mp3,43760,80540,next_start
13,16,251,khatma/251.mp3,80540,131700,next_start
13,17,251,khatma/251.mp3,131700,184420,next_start
13,18,251,khatma/251.mp3,184420,,
13,19,252,khatma/252.mp3,1240,17120,next_start
13,20,252,khatma/252.mp3,17120,25920,next_start
13,21,252,khatma/252.mp3,25920,44900,next_start
13,22,252,khatma/252.mp3,44900,74840,next_start
13,23,252,khatma/252.mp3,74840,97800,next_start
13,24,252,khatma/252.mp3,97800,107140,next_start
13,25,252,khatma/252.mp3,107140,140260,next_start
13,26,252,khatma/252.mp3,140260,163260,next_start
13,27,252,khatma/252.mp3,163260,187860,next_start
13,28,252,khatma/252.mp3,187860,,
13,29,253,khatma/253.mp3,360,9040,next_start
13,30,253,khatma/253.mp3,9040,62740,next_start
13,31,253,khatma/253.mp3,62740,114920,next_start
13,32,253,khatma/253.mp3,114920,134500,next_start
13,33,253,khatma/253.mp3,134500,176980,next_start
13,34,253,khatma/253.mp3,176980,,
13,35,254,khatma/254.mp3,660,26440,next_start
13,36,254,khatma/254.mp3,26440,55800,next_start
13,37,254,khatma/254.mp3,55800,78220,next_start
13,38,254,khatma/254.mp3,78220,114220,next_start
13,39,254,khatma/254.mp3,114220,128140,next_start
13,40,254,khatma/254.mp3,128140,149420,next_start
13,41,254,khatma/254.mp3,149420,166640,next_start
13,42,254,khatma/254.mp3,166640,,
13,43,255,khatma/255.mp3,1300,13720,next_start
14,1,255,khatma/255.mp3,13720,35260,next_start
14,2,255,khatma/255.mp3,35260,58260,next_start
14,3,255,khatma/255.mp3,58260,78220,next_start
14,4,255,khatma/255.mp3,78220,101660,next_start
14,5,255,khatma/255.mp3,101660,,
14,6,256,khatma/256.mp3,0,41580,next_start
14,7,256,khatma/256.mp3,41580,56360,next_start
14,8,256,khatma/256.mp3,56360,82120,next_start
14,9,256,khatma/256.mp3,82120,128800,next_start
14,10,256,khatma/256.mp3,128800,,
14,11,257,khatma/257.mp3,540,33460,next_start
14,12,257,khatma/257.mp3,33460,55760,next_start
14,13,257,khatma/257.mp3,55760,78780,next_start
14,14,257,khatma/257.mp3,78780,89920,next_start
14,15,257,khatma/257.mp3,89920,95640,next_start
14,16,257,khatma/257.mp3,95640,109000,next_start
14,17,257,khatma/257.mp3,109000,162860,next_start
14,18,257,khatma/257.mp3,162860,,
14,19,258,khatma/258.mp3,840,14860,next_start
14,20,258,khatma/258.mp3,14860,22640,next_start
14,21,258,khatma/258.mp3,22640,77400,next_start
14,22,258,khatma/258.mp3,77400,131080,next_start
14,23,258,khatma/258.mp3,131080,152120,next_start
14,24,258,khatma/258.mp3,152120,,
14,25,259,khatma/259.mp3,560,16520,next_start
14,26,259,khatma/259.mp3,16520,31240,next_start
14,27,259,khatma/259.mp3,31240,52120,next_start
14,28,259,khatma/259.mp3,52120,67880,next_start
14,29,259,khatma/259.mp3,67880,71160,next_start
14,30,259,khatma/259.mp3,71160,85660,next_start
14,31,259,khatma/259.mp3,85660,116400,next_start
14,32,259,khatma/259.mp3,116400,149270,next_start
14,33,259,khatma/259.mp3,149270,,
14,34,260,khatma/260.mp3,2040,29000,next_start
14,35,260,khatma/260.mp3,29000,42360,next_start
14,36,260,khatma/260.mp3,42360,62040,next_start
14,37,260,khatma/260.mp3,62040,98840,next_start
14,38,260,khatma/260.mp3,98840,139780,next_start
14,39,260,khatma/260.mp3,139780,154700,next_start
14,40,260,khatma/260.mp3,154700,166440,next_start
14,41,260,khatma/260.mp3,166440,176260,next_start
14,42,260,khatma/260.mp3,176260,,
15,1,262,khatma/262.mp3,13720,20820,next_start
15,2,262,khatma/262.mp3,20820,28540,next_start
15,3,262,khatma/262.mp3,28540,37720,next_start
15,4,262,khatma/262.mp3,37720,48180,next_start
15,5,262,khatma/262.mp3,48180,56920,next_start
15,6,262,khatma/262.mp3,56920,67240,next_start
15,7,262,khatma/262.mp3,67240,78000,next_start
15,8,262,khatma/262.mp3,78000,91440,next_start
15,9,262,khatma/262.mp3,91440,101040,next_start
15,10,262,khatma/262.mp3,101040,109700,next_start
15,11,262,khatma/262.mp3,109700,119360,next_start
15,12,262,khatma/262.mp3,119360,126560,next_start
15,13,262,khatma/262.mp3,126560,136020,next_start
15,14,262,khatma/262.mp3,136020,149480,next_start
15,15,262,khatma/262.mp3,149480,,
15,16,263,khatma/263.mp3,0,12600,next_start
15,17,263,khatma/263.mp3,12600,19800,next_start
15,18,263,khatma/263.mp3,19800,28560,next_start
15,19,263,khatma/263.mp3,28560,42380,next_start
15,20,263,khatma/263.mp3,42380,52160,next_start
15,21,263,khatma/263.mp3,52160,69500,next_start
15,22,263,khatma/263.mp3,69500,97200,next_start
15,23,263,khatma/263.mp3,97200,103840,next_start
15,24,263,khatma/263.mp3,103840,115540,next_start
15,25,263,khatma/263.mp3,115540,125260,next_start
15,26,263,khatma/263.mp3,125260,140040,next_start
15,27,263,khatma/263.mp3,140040,147720,next_start
15,28,263,khatma/263.mp3,147720,164460,next_start
15,29,263,khatma/263.mp3,164460,175280,next_start
15,30,263,khatma/263.mp3,175280,183460,next_start
15,31,263,khatma/263.mp3,183460,,
15,32,264,khatma/264.mp3,0,8100,next_start
15,33,264,khatma/264.mp3,8100,21140,next_start
15,34,264,khatma/264.mp3,21140,27760,next_start
15,35,264,khatma/264.mp3,27760,34740,next_start
15,36,264,khatma/264.mp3,34740,43500,next_start
15,37,264,khatma/264.mp3,43500,49920,next_start
15,38,264,khatma/264.mp3,49920,55140,next_start
15,39,264,khatma/264.mp3,55140,68900,next_start
15,40,264,khatma/264.mp3,68900,74800,next_start
15,41,264,khatma/264.mp3,74800,81640,next_start
15,42,264,khatma/264.mp3,81640,93680,next_start
15,43,264,khatma/264.mp3,93680,101780,next_start
15,44,264,khatma/264.mp3,101780,113200,next_start
15,45,264,khatma/264.mp3,113200,123680,next_start
15,46,264,khatma/264.mp3,123680,127400,next_start
15,47,264,khatma/264.mp3,127400,142440,next_start
15,48,264,khatma/264.mp3,142440,152500,next_start
15,49,264,khatma/264.mp3,152500,171500,next_start
15,50,264,khatma/264.mp3,171500,180580,next_start
15,51,264,khatma/264.mp3,180580,,
15,52,265,khatma/265.mp3,0,11080,next_start
15,53,265,khatma/265.mp3,11080,19780,next_start
15,54,265,khatma/265.mp3,19780,31500,next_start
15,55,265,khatma/265.mp3,31500,40340,next_start
15,56,265,khatma/265.mp3,40340,53220,next_start
15,57,265,khatma/265.mp3,53220,59960,next_start
15,58,265,khatma/265.mp3,59960,69640,next_start
15,59,265,khatma/265.mp3,69640,79460,next_start
15,60,265,khatma/265.mp3,79460,89400,next_start
15,61,265,khatma/265.mp3,89400,97320,next_start
15,62,265,khatma/265.mp3,97320,103740,next_start
15,63,265,khatma/265.mp3,103740,111400,next_start
15,64,265,khatma/265.mp3,111400,118960,next_start
15,65,265,khatma/265.mp3,118960,140880,next_start
15,66,265,khatma/265.mp3,140880,154940,next_start
15,67,265,khatma/265.mp3,154940,163880,next_start
15,68,265,khatma/265.mp3,163880,173720,next_start
15,69,265,khatma/265.mp3,173720,186420,next_start
15,70,265,khatma/265.mp3,186420,,
15,71,266,khatma/266.mp3,0,11460,next_start
15,72,266,khatma/266.mp3,11460,19720,next_start
15,73,266,khatma/266.mp3,19720,25700,next_start
15,74,266,khatma/266.mp3,25700,39620,next_start
15,75,266,khatma/266.mp3,39620,47380,next_start
15,76,266,khatma/266.mp3,47380,54420,next_start
15,77,266,khatma/266.mp3,54420,61380,next_start
15,78,266,khatma/266.mp3,61380,70340,next_start
15,79,266,khatma/266.mp3,70340,79080,next_start
15,80,266,khatma/266.mp3,79080,89760,next_start
15,81,266,khatma/266.mp3,89760,94760,next_start
15,82,266,khatma/266.mp3,94760,103080,next_start
15,83,266,khatma/266.mp3,103080,108200,next_start
15,84,266,khatma/266.mp3,108200,118200,next_start
15,85,266,khatma/266.mp3,118200,141560,next_start
15,86,266,khatma/266.mp3,141560,147640,next_start
15,87,266,khatma/266.mp3,147640,159000,next_start
15,88,266,khatma/266.mp3,159000,179180,next_start
15,89,266,khatma/266.mp3,179180,195360,next_start
15,90,266,khatma/266.mp3,195360,,
15,91,267,khatma/267.mp3,260,6600,next_start
15,92,267,khatma/267.mp3,6600,13520,next_start
15,93,267,khatma/267.mp3,13520,20100,next_start
15,94,267,khatma/267.mp3,20100,26760,next_start
15,95,267,khatma/267.mp3,26760,33160,next_start
15,96,267,khatma/267.mp3,33160,44640,next_start
15,97,267,khatma/267.mp3,44640,65280,next_start
15,98,267,khatma/267.mp3,65280,83700,next_start
15,99,267,khatma/267.mp3,83700,99460,next_start
16,1,267,khatma/267.mp3,99460,112040,next_start
16,2,267,khatma/267.mp3,112040,138720,next_start
16,3,267,khatma/267.mp3,138720,149560,next_start
16,4,267,khatma/267.mp3,149560,160160,next_start
16,5,267,khatma/267.mp3,160160,172020,next_start
16,6,267,khatma/267.mp3,172020,,
16,27,270,khatma/270.mp3,0,27020,next_start
16,28,270,khatma/270.mp3,27020,60640,next_start
16,29,270,khatma/270.mp3,60640,71420,next_start
16,30,270,khatma/270.mp3,71420,97020,next_start
16,31,270,khatma/270.mp3,97020,118000,next_start
16,32,270,khatma/270.mp3,118000,139500,next_start
16,33,270,khatma/270.mp3,139500,169620,next_start
16,34,270,khatma/270.mp3,169620,,
16,35,271,khatma/271.mp3,0,32840,next_start
16,36,271,khatma/271.mp3,32840,65660,next_start
16,37,271,khatma/271.mp3,65660,80840,next_start
16,38,271,khatma/271.mp3,80840,106420,next_start
16,39,271,khatma/271.mp3,106420,120920,next_start
16,40,271,khatma/271.mp3,120920,136760,next_start
16,41,271,khatma/271.mp3,136760,157820,next_start
16,42,271,khatma/271.mp3,157820,,
16,43,272,khatma/272.mp3,0,17180,next_start
16,44,272,khatma/272.mp3,17180,35340,next_start
16,45,272,khatma/272.mp3,35340,54060,next_start
16,46,272,khatma/272.mp3,54060,62440,next_start
16,47,272,khatma/272.mp3,62440,73400,next_start
16,48,272,khatma/272.mp3,73400,92160,next_start
16,49,272,khatma/272.mp3,92160,111120,next_start
16,50,272,khatma/272.mp3,111120,122660,next_start
16,51,272,khatma/272.mp3,122660,140120,next_start
16,52,272,khatma/272.mp3,140120,158100,next_start
16,53,272,khatma/272.mp3,158100,173700,next_start
16,54,272,khatma/272.mp3,173700,,
16,55,273,khatma/273.mp3,1020,11660,next_start
16,56,273,khatma/273.mp3,11660,29040,next_start
16,57,273,khatma/273.mp3,29040,50960,next_start
16,58,273,khatma/273.mp3,50960,62120,next_start
16,59,273,khatma/273.mp3,62120,84420,next_start
16,60,273,khatma/273.mp3,84420,98920,next_start
16,61,273,khatma/273.mp3,98920,135280,next_start
16,62,273,khatma/273.mp3,135280,164300,next_start
16,63,273,khatma/273.mp3,164300,182020,next_start
16,64,273,khatma/273.mp3,182020,,
16,65,274,khatma/274.mp3,0,16900,next_start
16,66,274,khatma/274.mp3,16900,38140,next_start
16,67,274,khatma/274.mp3,38140,56160,next_start
16,68,274,khatma/274.mp3,56160,69500,next_start
16,69,274,khatma/274.mp3,69500,99500,next_start
16,70,274,khatma/274.mp3,99500,124020,next_start
16,71,274,khatma/274.mp3,124020,151000,next_start
16,72,274,khatma/274.mp3,151000,,
16,73,275,khatma/275.mp3,900,12840,next_start
16,74,275,khatma/275.mp3,12840,24220,next_start
16,75,275,khatma/275.mp3,24220,54620,next_start
16,76,275,khatma/275.mp3,54620,84820,next_start
16,77,275,khatma/275.mp3,84820,103520,next_start
16,78,275,khatma/275.mp3,103520,122860,next_start
16,79,275,khatma/275.mp3,122860,,
16,80,276,khatma/276.mp3,0,31920,next_start
16,81,276,khatma/276.mp3,31920,62720,next_start
16,82,276,khatma/276.mp3,62720,70840,next_start
16,83,276,khatma/276.mp3,70840,81480,next_start
16,84,276,khatma/276.mp3,81480,96960,next_start
16,85,276,khatma/276.mp3,96960,108680,next_start
16,86,276,khatma/276.mp3,108680,138700,next_start
16,87,276,khatma/276.mp3,138700,,
16,88,277,khatma/277.mp3,900,15280,next_start
16,89,277,khatma/277.mp3,15280,48900,next_start
16,90,277,khatma/277.mp3,48900,70160,next_start
16,91,277,khatma/277.mp3,70160,98940,next_start
16,92,277,khatma/277.mp3,98940,137500,next_start
16,93,277,khatma/277.mp3,137500,,
16,94,278,khatma/278.mp3,0,27760,next_start
16,95,278,khatma/278.mp3,27760,45060,next_start
16,96,278,khatma/278.mp3,45060,63640,next_start
16,97,278,khatma/278.mp3,63640,87220,next_start
16,98,278,khatma/278.mp3,87220,110480,next_start
16,99,278,khatma/278.mp3,110480,122420,next_start
16,100,278,khatma/278.mp3,122420,134920,next_start
16,101,278,khatma/278.mp3,134920,157540,next_start
16,102,278,khatma/278.mp3,157540,,
16,103,279,khatma/279.mp3,100,21200,next_start
16,104,279,khatma/279.mp3,21200,35040,next_start
16,105,279,khatma/279.mp3,35040,49360,next_start
16,106,279,khatma/279.mp3,49360,78560,next_start
16,107,279,khatma/279.mp3,78560,92740,next_start
16,108,279,khatma/279.mp3,92740,107580,next_start
16,109,279,khatma/279.mp3,107580,114480,next_start
16,110,279,khatma/279.mp3,114480,,
16,111,280,khatma/280.mp3,0,15020,next_start
16,112,280,khatma/280.mp3,15020,50720,next_start
16,113,280,khatma/280.mp3,50720,65920,next_start
16,114,280,khatma/280.mp3,65920,83440,next_start
16,115,280,khatma/280.mp3,83440,109120,next_start
16,116,280,khatma/280.mp3,109120,132240,next_start
16,117,280,khatma/280.mp3,132240,144400,next_start
16,118,280,khatma/280.mp3,144400,,
17,1,282,khatma/282.mp3,4300,27080,next_start
17,2,282,khatma/282.mp3,27080,39400,next_start
17,3,282,khatma/282.mp3,39400,49840,next_start
17,4,282,khatma/282.mp3,49840,71480,next_start
17,5,282,khatma/282.mp3,71480,99220,next_start
17,6,282,khatma/282.mp3,99220,115980,next_start
17,7,282,khatma/282.mp3,115980,,
17,8,283,khatma/283.mp3,0,14000,next_start
17,9,283,khatma/283.mp3,14000,31120,next_start
17,10,283,khatma/283.mp3,31120,41320,next_start
17,11,283,khatma/283.mp3,41320,56640,next_start
17,12,283,khatma/283.mp3,56640,91100,next_start
17,13,283,khatma/283.mp3,91100,110120,next_start
17,14,283,khatma/283.mp3,110120,117480,next_start
17,15,283,khatma/283.mp3,117480,142320,next_start
17,16,283,khatma/283.mp3,142320,165180,next_start
17,17,283,khatma/283.mp3,165180,,
17,18,284,khatma/284.mp3,0,22640,next_start
17,19,284,khatma/284.mp3,22640,37900,next_start
17,20,284,khatma/284.mp3,37900,54140,next_start
17,21,284,khatma/284.mp3,54140,67480,next_start
17,22,284,khatma/284.mp3,67480,77600,next_start
17,23,284,khatma/284.mp3,77600,113660,next_start
17,24,284,khatma/284.mp3,113660,125480,next_start
17,25,284,khatma/284.mp3,125480,140920,next_start
17,26,284,khatma/284.mp3,140920,158320,next_start
17,27,284,khatma/284.mp3,158320,,
17,28,285,khatma/285.mp3,0,14040,next_start
17,29,285,khatma/285.mp3,14040,26720,next_start
17,30,285,khatma/285.mp3,26720,41940,next_start
17,31,285,khatma/285.mp3,41940,58400,next_start
17,32,285,khatma/285.mp3,58400,67880,next_start
17,33,285,khatma/285.mp3,67880,96100,next_start
17,34,285,khatma/285.mp3,96100,112500,next_start
17,35,285,khatma/285.mp3,112500,126780,next_start
17,36,285,khatma/285.mp3,126780,142500,next_start
17,37,285,khatma/285.mp3,142500,155320,next_start
17,38,285,khatma/285.mp3,155320,,
17,39,286,khatma/286.mp3,0,22200,next_start
17,40,286,khatma/286.mp3,22200,35920,next_start
17,41,286,khatma/286.mp3,35920,48080,next_start
17,42,286,khatma/286.mp3,48080,69240,next_start
17,43,286,khatma/286.mp3,69240,79180,next_start
17,44,286,khatma/286.mp3,79180,103740,next_start
17,45,286,khatma/286.mp3,103740,117920,next_start
17,46,286,khatma/286.mp3,117920,141640,next_start
17,47,286,khatma/286.mp3,141640,161940,next_start
17,48,286,khatma/286.mp3,161940,171620,next_start
17,49,286,khatma/286.mp3,171620,,
17,50,287,khatma/287.mp3,0,4220,next_start
17,51,287,khatma/287.mp3,4220,33820,next_start
17,52,287,khatma/287.mp3,33820,49260,next_start
17,53,287,khatma/287.mp3,49260,68900,next_start
17,54,287,khatma/287.mp3,68900,83540,next_start
17,55,287,khatma/287.mp3,83540,101780,next_start
17,56,287,khatma/287.mp3,101780,114680,next_start
17,57,287,khatma/287.mp3,114680,139260,next_start
17,58,287,khatma/287.mp3,139260,,
17,59,288,khatma/288.mp3,0,27560,next_start
17,60,288,khatma/288.mp3,27560,57200,next_start
17,61,288,khatma/288.mp3,57200,71100,next_start
17,62,288,khatma/288.mp3,71100,87700,next_start
17,63,288,khatma/288.mp3,87700,102140,next_start
17,64,288,khatma/288.mp3,102140,125860,next_start
17,65,288,khatma/288.mp3,125860,136860,next_start
17,66,288,khatma/288.mp3,136860,,
17,76,290,khatma/290.mp3,0,14780,next_start
17,77,290,khatma/290.mp3,14780,29720,next_start
17,78,290,khatma/290.mp3,29720,42920,next_start
17,79,290,khatma/290.mp3,42920,57820,next_start
17,80,290,khatma/290.mp3,57820,71620,next_start
17,81,290,khatma/290.mp3,71620,82180,next_start
17,82,290,khatma/290.mp3,82180,100500,next_start
17,83,290,khatma/290.mp3,100500,114480,next_start
17,84,290,khatma/290.mp3,114480,127240,next_start
17,85,290,khatma/290.mp3,127240,140960,next_start
17,86,290,khatma/290.mp3,140960,,
17,87,291,khatma/291.mp3,0,9400,next_start
17,88,291,khatma/291.mp3,9400,28820,next_start
17,89,291,khatma/291.mp3,28820,43420,next_start
17,90,291,khatma/291.mp3,43420,52980,next_start
17,91,291,khatma/291.mp3,52980,66240,next_start
17,92,291,khatma/291.mp3,66240,81140,next_start
17,93,291,khatma/291.mp3,81140,115440,next_start
17,94,291,khatma/291.mp3,115440,135440,next_start
17,95,291,khatma/291.mp3,135440,165080,next_start
17,96,291,khatma/291.mp3,165080,,
17,97,292,khatma/292.mp3,0,33420,next_start
17,98,292,khatma/292.mp3,33420,57860,next_start
17,99,292,khatma/292.mp3,57860,79600,next_start
17,100,292,khatma/292.mp3,79600,97800,next_start
17,101,292,khatma/292.mp3,97800,120740,next_start
17,102,292,khatma/292.mp3,120740,150160,next_start
17,103,292,khatma/292.mp3,150160,161440,next_start
17,104,292,khatma/292.mp3,161440,,
17,105,293,khatma/293.mp3,1240,15600,next_start
17,106,293,khatma/293.mp3,15600,35720,next_start
17,107,293,khatma/293.mp3,35720,60140,next_start
17,108,293,khatma/293.mp3,60140,71620,next_start
17,109,293,khatma/293.mp3,71620,90540,next_start
17,110,293,khatma/293.mp3,90540,123600,next_start
17,111,293,khatma/293.mp3,123600,155860,next_start
18,1,293,khatma/293.mp3,155860,167020,next_start
18,2,293,khatma/293.mp3,167020,190560,next_start
18,3,293,khatma/293.mp3,190560,194440,next_start
18,4,293,khatma/293.mp3,194440,,
18,5,294,khatma/294.mp3,0,16780,next_start
18,6,294,khatma/294.mp3,16780,29720,next_start
18,7,294,khatma/294.mp3,29720,40440,next_start
18,8,294,khatma/294.mp3,40440,57080,next_start
18,9,294,khatma/294.mp3,57080,67000,next_start
18,10,294,khatma/294.mp3,67000,90600,next_start
18,11,294,khatma/294.mp3,90600,98600,next_start
18,12,294,khatma/294.mp3,98600,109340,next_start
18,13,294,khatma/294.mp3,109340,123180,next_start
18,14,294,khatma/294.mp3,123180,151960,next_start
18,15,294,khatma/294.mp3,151960,,
18,16,295,khatma/295.mp3,0,21380,next_start
18,17,295,khatma/295.mp3,21380,55740,next_start
18,18,295,khatma/295.mp3,55740,84780,next_start
18,19,295,khatma/295.mp3,84780,135220,next_start
18,20,295,khatma/295.mp3,135220,,
18,21,296,khatma/296.mp3,0,38140,next_start
18,22,296,khatma/296.mp3,38140,81900,next_start
18,23,296,khatma/296.mp3,81900,90120,next_start
18,24,296,khatma/296.mp3,90120,107920,next_start
18,25,296,khatma/296.mp3,107920,116640,next_start
18,26,296,khatma/296.mp3,116640,141520,next_start
18,27,296,khatma/296.mp3,141520,,
18,28,297,khatma/297.mp3,800,34140,next_start
18,29,297,khatma/297.mp3,34140,72400,next_start
18,30,297,khatma/297.mp3,72400,81380,next_start
18,31,297,khatma/297.mp3,81380,121320,next_start
18,32,297,khatma/297.mp3,121320,143160,next_start
18,33,297,khatma/297.mp3,143160,155060,next_start
18,34,297,khatma/297.mp3,155060,,
18,35,298,khatma/298.mp3,0,13020,next_start
18,36,298,khatma/298.mp3,13020,27020,next_start
18,37,298,khatma/298.mp3,27020,49600,next_start
18,38,298,khatma/298.mp3,49600,57840,next_start
18,39,298,khatma/298.mp3,57840,82040,next_start
18,40,298,khatma/298.mp3,82040,117480,next_start
18,41,298,khatma/298.mp3,117480,126000,next_start
18,42,298,khatma/298.mp3,126000,154240,next_start
18,43,298,khatma/298.mp3,154240,170280,next_start
18,44,298,khatma/298.mp3,170280,181580,next_start
18,45,298,khatma/298.mp3,181580,,
18,46,299,khatma/299.mp3,660,14160,next_start
18,47,299,khatma/299.mp3,14160,23960,next_start
18,48,299,khatma/299.mp3,23960,39340,next_start
18,49,299,khatma/299.mp3,39340,78000,next_start
18,50,299,khatma/299.mp3,78000,105760,next_start
18,51,299,khatma/299.mp3,105760,121360,next_start
18,52,299,khatma/299.mp3,121360,139300,next_start
18,53,299,khatma/299.mp3,139300,,
18,54,300,khatma/300.mp3,820,15460,next_start
18,55,300,khatma/300.mp3,15460,37680,next_start
18,56,300,khatma/300.mp3,37680,61500,next_start
18,57,300,khatma/300.mp3,61500,101160,next_start
18,58,300,khatma/300.mp3,101160,121320,next_start
18,59,300,khatma/300.mp3,121320,134320,next_start
18,60,300,khatma/300.mp3,134320,146640,next_start
18,61,300,khatma/300.mp3,146640,,
18,75,302,khatma/302.mp3,80,7560,next_start
18,76,302,khatma/302.mp3,7560,23180,next_start
18,77,302,khatma/302.mp3,23180,48260,next_start
18,78,302,khatma/302.mp3,48260,57640,next_start
18,79,302,khatma/302.mp3,57640,77040,next_start
18,80,302,khatma/302.mp3,77040,94460,next_start
18,81,302,khatma/302.mp3,94460,106080,next_start
18,82,302,khatma/302.mp3,106080,164260,next_start
18,83,302,khatma/302.mp3,164260,,
18,84,303,khatma/303.mp3,220,10260,next_start
18,85,303,khatma/303.mp3,10260,12600,next_start
18,86,303,khatma/303.mp3,12600,38660,next_start
18,87,303,khatma/303.mp3,38660,53540,next_start
18,88,303,khatma/303.mp3,53540,68400,next_start
18,89,303,khatma/303.mp3,68400,71580,next_start
18,90,303,khatma/303.mp3,71580,85160,next_start
18,91,303,khatma/303.mp3,85160,97500,next_start
18,92,303,khatma/303.mp3,97500,100520,next_start
18,93,303,khatma/303.mp3,100520,113700,next_start
18,94,303,khatma/303.mp3,113700,132320,next_start
18,95,303,khatma/303.mp3,132320,149700,next_start
18,96,303,khatma/303.mp3,149700,172560,next_start
18,97,303,khatma/303.mp3,172560,,
18,98,304,khatma/304.mp3,880,17300,next_start
18,99,304,khatma/304.mp3,17300,29080,next_start
18,100,304,khatma/304.mp3,29080,36780,next_start
18,101,304,khatma/304.mp3,36780,50160,next_start
18,102,304,khatma/304.mp3,50160,69420,next_start
18,103,304,khatma/304.mp3,69420,76100,next_start
18,104,304,khatma/304.mp3,76100,110700,next_start
18,105,304,khatma/304.mp3,110700,131000,next_start
18,106,304,khatma/304.mp3,131000,143260,next_start
18,107,304,khatma/304.mp3,143260,154520,next_start
18,108,304,khatma/304.mp3,154520,168520,next_start
18,109,304,khatma/304.mp3,168520,198380,next_start
18,110,304,khatma/304.mp3,198380,,
19,1,305,khatma/305.mp3,0,15420,next_start
19,2,305,khatma/305.mp3,15420,21780,next_start
19,3,305,khatma/305.mp3,21780,27620,next_start
19,4,305,khatma/305.mp3,27620,43200,next_start
19,5,305,khatma/305.mp3,43200,68980,next_start
19,6,305,khatma/305.mp3,68980,90240,next_start
19,7,305,khatma/305.mp3,90240,100560,next_start
19,8,305,khatma/305.mp3,100560,115240,next_start
19,9,305,khatma/305.mp3,115240,134580,next_start
19,10,305,khatma/305.mp3,134580,158260,next_start
19,11,305,khatma/305.mp3,158260,,
19,12,306,khatma/306.mp3,1400,8740,next_start
19,13,306,khatma/306.mp3,8740,21500,next_start
19,14,306,khatma/306.mp3,21500,26420,next_start
19,15,306,khatma/306.mp3,26420,45680,next_start
19,16,306,khatma/306.mp3,45680,57660,next_start
19,17,306,khatma/306.mp3,57660,78220,next_start
19,18,306,khatma/306.mp3,78220,89180,next_start
19,19,306,khatma/306.mp3,89180,99900,next_start
19,20,306,khatma/306.mp3,99900,111340,next_start
19,21,306,khatma/306.mp3,111340,145100,next_start
19,22,306,khatma/306.mp3,145100,154500,next_start
19,23,306,khatma/306.mp3,154500,202260,next_start
19,24,306,khatma/306.mp3,202260,215560,next_start
19,25,306,khatma/306.mp3,215560,,
19,26,307,khatma/307.mp3,40,23660,next_start
19,27,307,khatma/307.mp3,23660,37420,next_start
19,28,307,khatma/307.mp3,37420,47400,next_start
19,29,307,khatma/307.mp3,47400,58500,next_start
19,30,307,khatma/307.mp3,58500,76260,next_start
19,31,307,khatma/307.mp3,76260,91000,next_start
19,32,307,khatma/307.mp3,91000,99880,next_start
19,33,307,khatma/307.mp3,99880,107840,next_start
19,34,307,khatma/307.mp3,107840,132020,next_start
19,35,307,khatma/307.mp3,132020,150540,next_start
19,36,307,khatma/307.mp3,150540,178260,next_start
19,37,307,khatma/307.mp3,178260,189240,next_start
19,38,307,khatma/307.mp3,189240,,
19,39,308,khatma/308.mp3,0,12320,next_start
19,40,308,khatma/308.mp3,12320,23440,next_start
19,41,308,khatma/308.mp3,23440,34540,next_start
19,42,308,khatma/308.mp3,34540,50160,next_start
19,43,308,khatma/308.mp3,50160,68660,next_start
19,44,308,khatma/308.mp3,68660,81980,next_start
19,45,308,khatma/308.mp3,81980,94020,next_start
19,46,308,khatma/308.mp3,94020,112660,next_start
19,47,308,khatma/308.mp3,112660,123160,next_start
19,48,308,khatma/308.mp3,123160,167480,next_start
19,49,308,khatma/308.mp3,167480,186580,next_start
19,50,308,khatma/308.mp3,186580,194700,next_start
19,51,308,khatma/308.mp3,194700,,
19,65,310,khatma/310.mp3,0,13480,next_start
19,66,310,khatma/310.mp3,13480,22980,next_start
19,67,310,khatma/310.mp3,22980,32460,next_start
19,68,310,khatma/310.mp3,32460,53140,next_start
19,69,310,khatma/310.mp3,53140,65460,next_start
19,70,310,khatma/310.mp3,65460,73200,next_start
19,71,310,khatma/310.mp3,73200,84260,next_start
19,72,310,khatma/310.mp3,84260,93220,next_start
19,73,310,khatma/310.mp3,93220,113480,next_start
19,74,310,khatma/310.mp3,113480,123060,next_start
19,75,310,khatma/310.mp3,123060,153060,next_start
19,76,310,khatma/310.mp3,153060,,
19,77,311,khatma/311.mp3,1540,11420,next_start
19,78,311,khatma/311.mp3,11420,18720,next_start
19,79,311,khatma/311.mp3,18720,29280,next_start
19,80,311,khatma/311.mp3,29280,33840,next_start
19,81,311,khatma/311.mp3,33840,41900,next_start
19,82,311,khatma/311.mp3,41900,50580,next_start
19,83,311,khatma/311.mp3,50580,60600,next_start
19,84,311,khatma/311.mp3,60600,68900,next_start
19,85,311,khatma/311.mp3,68900,74920,next_start
19,86,311,khatma/311.mp3,74920,81940,next_start
19,87,311,khatma/311.mp3,81940,92660,next_start
19,88,311,khatma/311.mp3,92660,96460,next_start
19,89,311,khatma/311.mp3,96460,101340,next_start
19,90,311,khatma/311.mp3,101340,111860,next_start
19,91,311,khatma/311.mp3,111860,120460,next_start
19,92,311,khatma/311.mp3,120460,128440,next_start
19,93,311,khatma/311.mp3,128440,139460,next_start
19,94,311,khatma/311.mp3,139460,144120,next_start
19,95,311,khatma/311.mp3,144120,,
19,96,312,khatma/312.mp3,0,1850,next_start
19,97,312,khatma/312.mp3,1850,3910,next_start
19,98,312,khatma/312.mp3,3910,6790,next_start
20,1,312,khatma/312.mp3,6790,7000,next_start
20,2,312,khatma/312.mp3,7000,13260,next_start
20,3,312,khatma/312.mp3,13260,18540,next_start
20,4,312,khatma/312.mp3,18540,28920,next_start
20,5,312,khatma/312.mp3,28920,32300,next_start
20,6,312,khatma/312.mp3,32300,40180,next_start
20,7,312,khatma/312.mp3,40180,48180,next_start
20,8,312,khatma/312.mp3,48180,66320,next_start
20,9,312,khatma/312.mp3,66320,69960,next_start
20,10,312,khatma/312.mp3,69960,90420,next_start
20,11,312,khatma/312.mp3,90420,96320,next_start
20,12,312,khatma/312.mp3,96320,,
20,13,313,khatma/313.mp3,0,5420,next_start
20,14,313,khatma/313.mp3,5420,16500,next_start
20,15,313,khatma/313.mp3,16500,28640,next_start
20,16,313,khatma/313.mp3,28640,39480,next_start
20,17,313,khatma/313.mp3,39480,42320,next_start
20,18,313,khatma/313.mp3,42320,54180,next_start
20,19,313,khatma/313.mp3,54180,57940,next_start
20,20,313,khatma/313.mp3,57940,63720,next_start
20,21,313,khatma/313.mp3,63720,72340,next_start
20,22,313,khatma/313.mp3,72340,89760,next_start
20,23,313,khatma/313.mp3,89760,94260,next_start
20,24,313,khatma/313.mp3,94260,99540,next_start
20,25,313,khatma/313.mp3,99540,104700,next_start
20,26,313,khatma/313.mp3,104700,109420,next_start
20,27,313,khatma/313.mp3,109420,112680,next_start
20,28,313,khatma/313.mp3,112680,114900,next_start
20,29,313,khatma/313.mp3,114900,118420,next_start
20,30,313,khatma/313.mp3,118420,121940,next_start
20,31,313,khatma/313.mp3,121940,124220,next_start
20,32,313,khatma/313.mp3,124220,128340,next_start
20,33,313,khatma/313.mp3,128340,131880,next_start
20,34,313,khatma/313.mp3,131880,135640,next_start
20,35,313,khatma/313.mp3,135640,140340,next_start
20,36,313,khatma/313.mp3,140340,150520,next_start
20,37,313,khatma/313.mp3,150520,,
20,38,314,khatma/314.mp3,660,7000,next_start
20,39,314,khatma/314.mp3,7000,30140,next_start
20,40,314,khatma/314.mp3,30140,69600,next_start
20,41,314,khatma/314.mp3,69600,70940,next_start
20,42,314,khatma/314.mp3,70940,80620,next_start
20,43,314,khatma/314.mp3,80620,86360,next_start
20,44,314,khatma/314.mp3,86360,95240,next_start
20,45,314,khatma/314.mp3,95240,106720,next_start
20,46,314,khatma/314.mp3,106720,116600,next_start
20,47,314,khatma/314.mp3,116600,141160,next_start
20,48,314,khatma/314.mp3,141160,152400,next_start
20,49,314,khatma/314.mp3,152400,156820,next_start
20,50,314,khatma/314.mp3,156820,166100,next_start
20,51,314,khatma/314.mp3,166100,,
20,52,315,khatma/315.mp3,580,14120,next_start
20,53,315,khatma/315.mp3,14120,36240,next_start
20,54,315,khatma/315.mp3,36240,45120,next_start
20,55,315,khatma/315.mp3,45120,55840,next_start
20,56,315,khatma/315.mp3,55840,62620,next_start
20,57,315,khatma/315.mp3,62620,72860,next_start
20,58,315,khatma/315.mp3,72860,87060,next_start
20,59,315,khatma/315.mp3,87060,94740,next_start
20,60,315,khatma/315.mp3,94740,101760,next_start
20,61,315,khatma/315.mp3,101760,119620,next_start
20,62,315,khatma/315.mp3,119620,127660,next_start
20,63,315,khatma/315.mp3,127660,143940,next_start
20,64,315,khatma/315.mp3,143940,,
20,65,316,khatma/316.mp3,0,12640,next_start
20,66,316,khatma/316.mp3,12640,24740,next_start
20,67,316,khatma/316.mp3,24740,30660,next_start
20,68,316,khatma/316.mp3,30660,36900,next_start
20,69,316,khatma/316.mp3,36900,52460,next_start
20,70,316,khatma/316.mp3,52460,62360,next_start
20,71,316,khatma/316.mp3,62360,97500,next_start
20,72,316,khatma/316.mp3,97500,131580,next_start
20,73,316,khatma/316.mp3,131580,147060,next_start
20,74,316,khatma/316.mp3,147060,162120,next_start
20,75,316,khatma/316.mp3,162120,176820,next_start
20,76,316,khatma/316.mp3,176820,,
20,77,317,khatma/317.mp3,0,17540,next_start
20,78,317,khatma/317.mp3,17540,28020,next_start
20,79,317,khatma/317.mp3,28020,35620,next_start
20,80,317,khatma/317.mp3,35620,53920,next_start
20,81,317,khatma/317.mp3,53920,69040,next_start
20,82,317,khatma/317.mp3,69040,87100,next_start
20,83,317,khatma/317.mp3,87100,95560,next_start
20,84,317,khatma/317.mp3,95560,102200,next_start
20,85,317,khatma/317.mp3,102200,112340,next_start
20,86,317,khatma/317.mp3,112340,140000,next_start
20,87,317,khatma/317.mp3,140000,,
20,88,318,khatma/318.mp3,420,14620,next_start
20,89,318,khatma/318.mp3,14620,25000,next_start
20,90,318,khatma/318.mp3,25000,45520,next_start
20,91,318,khatma/318.mp3,45520,73660,next_start
20,92,318,khatma/318.mp3,73660,82680,next_start
20,93,318,khatma/318.mp3,82680,85760,next_start
20,94,318,khatma/318.mp3,85760,105500,next_start
20,95,318,khatma/318.mp3,105500,108500,next_start
20,96,318,khatma/318.mp3,108500,124640,next_start
20,97,318,khatma/318.mp3,124640,159500,next_start
20,98,318,khatma/318.mp3,159500,,
20,99,319,khatma/319.mp3,0,12860,next_start
20,100,319,khatma/319.mp3,12860,20080,next_start
20,101,319,khatma/319.mp3,20080,26500,next_start
20,102,319,khatma/319.mp3,26500,35560,next_start
20,103,319,khatma/319.mp3,35560,41680,next_start
20,104,319,khatma/319.mp3,41680,56960,next_start
20,105,319,khatma/319.mp3,56960,65200,next_start
20,106,319,khatma/319.mp3,65200,68680,next_start
20,107,319,khatma/319.mp3,68680,76820,next_start
20,108,319,khatma/319.mp3,76820,96640,next_start
20,109,319,khatma/319.mp3,96640,106400,next_start
20,110,319,khatma/319.mp3,106400,116080,next_start
20,111,319,khatma/319.mp3,116080,125180,next_start
20,112,319,khatma/319.mp3,125180,137000,next_start
20,113,319,khatma/319.mp3,137000,,
20,114,320,khatma/320.mp3,0,18600,next_start
20,115,320,khatma/320.mp3,18600,28680,next_start
20,116,320,khatma/320.mp3,28680,39460,next_start
20,117,320,khatma/320.mp3,39460,55840,next_start
20,118,320,khatma/320.mp3,55840,62360,next_start
20,119,320,khatma/320.mp3,62360,68020,next_start
20,120,320,khatma/320.mp3,68020,82240,next_start
20,121,320,khatma/320.mp3,82240,100960,next_start
20,122,320,khatma/320.mp3,100960,110320,next_start
20,123,320,khatma/320.mp3,110320,128320,next_start
20,124,320,khatma/320.mp3,128320,144220,next_start
20,125,320,khatma/320.mp3,144220,,
21,1,322,khatma/322.mp3,4360,13000,next_start
21,2,322,khatma/322.mp3,13000,25500,next_start
21,3,322,khatma/322.mp3,25500,43600,next_start
21,4,322,khatma/322.mp3,43600,53360,next_start
21,5,322,khatma/322.mp3,53360,69560,next_start
21,6,322,khatma/322.mp3,69560,79920,next_start
21,7,322,khatma/322.mp3,79920,96640,next_start
21,8,322,khatma/322.mp3,96640,107580,next_start
21,9,322,khatma/322.mp3,107580,119620,next_start
21,10,322,khatma/322.mp3,119620,,
21,11,323,khatma/323.mp3,420,13440,next_start
21,12,323,khatma/323.mp3,13440,22900,next_start
21,13,323,khatma/323.mp3,22900,34500,next_start
21,14,323,khatma/323.mp3,34500,41700,next_start
21,15,323,khatma/323.mp3,41700,50060,next_start
21,16,323,khatma/323.mp3,50060,57920,next_start
21,17,323,khatma/323.mp3,57920,72100,next_start
21,18,323,khatma/323.mp3,72100,86180,next_start
21,19,323,khatma/323.mp3,86180,102640,next_start
21,20,323,khatma/323.mp3,102640,107220,next_start
21,21,323,khatma/323.mp3,107220,116200,next_start
21,22,323,khatma/323.mp3,116200,130960,next_start
21,23,323,khatma/323.mp3,130960,137640,next_start
21,24,323,khatma/323.mp3,137640,,
21,25,324,khatma/324.mp3,0,18000,next_start
21,26,324,khatma/324.mp3,18000,28400,next_start
21,27,324,khatma/324.mp3,28400,36360,next_start
21,28,324,khatma/324.mp3,36360,51380,next_start
21,29,324,khatma/324.mp3,51380,69060,next_start
21,30,324,khatma/324.mp3,69060,92640,next_start
21,31,324,khatma/324.mp3,92640,106400,next_start
21,32,324,khatma/324.mp3,106400,119140,next_start
21,33,324,khatma/324.mp3,119140,132280,next_start
21,34,324,khatma/324.mp3,132280,145280,next_start
21,35,324,khatma/324.mp3,145280,,
21,36,325,khatma/325.mp3,0,18820,next_start
21,37,325,khatma/325.mp3,18820,29820,next_start
21,38,325,khatma/325.mp3,29820,37600,next_start
21,39,325,khatma/325.mp3,37600,54040,next_start
21,40,325,khatma/325.mp3,54040,69760,next_start
21,41,325,khatma/325.mp3,69760,88460,next_start
21,42,325,khatma/325.mp3,88460,104100,next_start
21,43,325,khatma/325.mp3,104100,121080,next_start
21,44,325,khatma/325.mp3,121080,,
21,45,326,khatma/326.mp3,620,15160,next_start
21,46,326,khatma/326.mp3,15160,30420,next_start
21,47,326,khatma/326.mp3,30420,66000,next_start
21,48,326,khatma/326.mp3,66000,77800,next_start
21,49,326,khatma/326.mp3,77800,88520,next_start
21,50,326,khatma/326.mp3,88520,101260,next_start
21,51,326,khatma/326.mp3,101260,111820,next_start
21,52,326,khatma/326.mp3,111820,122920,next_start
21,53,326,khatma/326.mp3,122920,130380,next_start
21,54,326,khatma/326.mp3,130380,141880,next_start
21,55,326,khatma/326.mp3,141880,150080,next_start
21,56,326,khatma/326.mp3,150080,163700,next_start
21,57,326,khatma/326.mp3,163700,,
21,58,327,khatma/327.mp3,0,9260,next_start
21,59,327,khatma/327.mp3,9260,19980,next_start
21,60,327,khatma/327.mp3,19980,29860,next_start
21,61,327,khatma/327.mp3,29860,39140,next_start
21,62,327,khatma/327.mp3,39140,48440,next_start
21,63,327,khatma/327.mp3,48440,72480,next_start
21,64,327,khatma/327.mp3,72480,82920,next_start
21,65,327,khatma/327.mp3,82920,94520,next_start
21,66,327,khatma/327.mp3,94520,106420,next_start
21,67,327,khatma/327.mp3,106420,117080,next_start
21,68,327,khatma/327.mp3,117080,127520,next_start
21,69,327,khatma/327.mp3,127520,137420,next_start
21,70,327,khatma/327.mp3,137420,145840,next_start
21,71,327,khatma/327.mp3,145840,155380,next_start
21,72,327,khatma/327.mp3,155380,,
21,73,328,khatma/328.mp3,900,22020,next_start
21,74,328,khatma/328.mp3,22020,42580,next_start
21,75,328,khatma/328.mp3,42580,51860,next_start
21,76,328,khatma/328.mp3,51860,67280,next_start
21,77,328,khatma/328.mp3,67280,82840,next_start
21,78,328,khatma/328.mp3,82840,98820,next_start
21,79,328,khatma/328.mp3,98820,122400,next_start
21,80,328,khatma/328.mp3,122400,135980,next_start
21,81,328,khatma/328.mp3,135980,,
21,91,330,khatma/330.mp3,420,16740,next_start
21,92,330,khatma/330.mp3,16740,29240,next_start
21,93,330,khatma/330.mp3,29240,38660,next_start
21,94,330,khatma/330.mp3,38660,52080,next_start
21,95,330,khatma/330.mp3,52080,62300,next_start
21,96,330,khatma/330.mp3,62300,77300,next_start
21,97,330,khatma/330.mp3,77300,96420,next_start
21,98,330,khatma/330.mp3,96420,110060,next_start
21,99,330,khatma/330.mp3,110060,123620,next_start
21,100,330,khatma/330.mp3,123620,131620,next_start
21,101,330,khatma/330.mp3,131620,,
21,102,331,khatma/331.mp3,540,10860,next_start
21,103,331,khatma/331.mp3,10860,27060,next_start
21,104,331,khatma/331.mp3,27060,49420,next_start
21,105,331,khatma/331.mp3,49420,74040,next_start
21,106,331,khatma/331.mp3,74040,81480,next_start
21,107,331,khatma/331.mp3,81480,90680,next_start
21,108,331,khatma/331.mp3,90680,106480,next_start
21,109,331,khatma/331.mp3,106480,135020,next_start
21,110,331,khatma/331.mp3,135020,142920,next_start
21,111,331,khatma/331.mp3,142920,151760,next_start
21,112,331,khatma/331.mp3,151760,,
22,1,332,khatma/332.mp3,7580,17640,next_start
22,2,332,khatma/332.mp3,17640,45240,next_start
22,3,332,khatma/332.mp3,45240,58200,next_start
22,4,332,khatma/332.mp3,58200,73820,next_start
22,5,332,khatma/332.mp3,73820,,
22,6,333,khatma/333.mp3,420,14780,next_start
22,7,333,khatma/333.mp3,14780,27880,next_start
22,8,333,khatma/333.mp3,27880,41020,next_start
22,9,333,khatma/333.mp3,41020,58560,next_start
22,10,333,khatma/333.mp3,58560,70280,next_start
22,11,333,khatma/333.mp3,70280,98740,next_start
22,12,333,khatma/333.mp3,98740,113000,next_start
22,13,333,khatma/333.mp3,113000,124920,next_start
22,14,333,khatma/333.mp3,124920,156860,next_start
22,15,333,khatma/333.mp3,156860,,
22,16,334,khatma/334.mp3,0,13820,next_start
22,17,334,khatma/334.mp3,13820,38080,next_start
22,18,334,khatma/334.mp3,38080,83140,next_start
22,19,334,khatma/334.mp3,83140,101080,next_start
22,20,334,khatma/334.mp3,101080,108180,next_start
22,21,334,khatma/334.mp3,108180,116000,next_start
22,22,334,khatma/334.mp3,116000,129280,next_start
22,23,334,khatma/334.mp3,129280,,
22,24,335,khatma/335.mp3,1820,13180,next_start
22,25,335,khatma/335.mp3,13180,41000,next_start
22,26,335,khatma/335.mp3,41000,66260,next_start
22,27,335,khatma/335.mp3,66260,85640,next_start
22,28,335,khatma/335.mp3,85640,119660,next_start
22,29,335,khatma/335.mp3,119660,134620,next_start
22,30,335,khatma/335.mp3,134620,,
22,31,336,khatma/336.mp3,1440,38340,next_start
22,32,336,khatma/336.mp3,38340,49760,next_start
22,33,336,khatma/336.mp3,49760,64740,next_start
22,34,336,khatma/336.mp3,64740,93100,next_start
22,35,336,khatma/336.mp3,93100,115920,next_start
22,36,336,khatma/336.mp3,115920,152200,next_start
22,37,336,khatma/336.mp3,152200,175900,next_start
22,38,336,khatma/336.mp3,175900,,
22,39,337,khatma/337.mp3,400,15780,next_start
22,40,337,khatma/337.mp3,15780,64820,next_start
22,41,337,khatma/337.mp3,64820,89800,next_start
22,42,337,khatma/337.mp3,89800,102180,next_start
22,43,337,khatma/337.mp3,102180,107020,next_start
22,44,337,khatma/337.mp3,107020,122100,next_start
22,45,337,khatma/337.mp3,122100,143540,next_start
22,46,337,khatma/337.mp3,143540,,
22,47,338,khatma/338.mp3,1260,18860,next_start
22,48,338,khatma/338.mp3,18860,31820,next_start
22,49,338,khatma/338.mp3,31820,41780,next_start
22,50,338,khatma/338.mp3,41780,52240,next_start
22,51,338,khatma/338.mp3,52240,63460,next_start
22,52,338,khatma/338.mp3,63460,93320,next_start
22,53,338,khatma/338.mp3,93320,113300,next_start
22,54,338,khatma/338.mp3,113300,136840,next_start
22,55,338,khatma/338.mp3,136840,,
22,56,339,khatma/339.mp3,540,15660,next_start
22,57,339,khatma/339.mp3,15660,26420,next_start
22,58,339,khatma/339.mp3,26420,47520,next_start
22,59,339,khatma/339.mp3,47520,57420,next_start
22,60,339,khatma/339.mp3,57420,82140,next_start
22,61,339,khatma/339.mp3,82140,99820,next_start
22,62,339,khatma/339.mp3,99820,118820,next_start
22,63,339,khatma/339.mp3,118820,136400,next_start
22,64,339,khatma/339.mp3,136400,,
22,65,340,khatma/340.mp3,540,26400,next_start
22,66,340,khatma/340.mp3,26400,39480,next_start
22,67,340,khatma/340.mp3,39480,66960,next_start
22,68,340,khatma/340.mp3,66960,76080,next_start
22,69,340,khatma/340.mp3,76080,87500,next_start
22,70,340,khatma/340.mp3,87500,106500,next_start
22,71,340,khatma/340.mp3,106500,123220,next_start
22,72,340,khatma/340.mp3,123220,,
23,1,342,khatma/342.mp3,10240,14100,next_start
23,2,342,khatma/342.mp3,14100,19860,next_start
23,3,342,khatma/342.mp3,19860,25160,next_start
23,4,342,khatma/342.mp3,25160,30340,next_start
23,5,342,khatma/342.mp3,30340,36200,next_start
23,6,342,khatma/342.mp3,36200,47960,next_start
23,7,342,khatma/342.mp3,47960,58460,next_start
23,8,342,khatma/342.mp3,58460,65860,next_start
23,9,342,khatma/342.mp3,65860,72960,next_start
23,10,342,khatma/342.mp3,72960,83960,next_start
23,11,342,khatma/342.mp3,83960,92100,next_start
23,12,342,khatma/342.mp3,92100,100660,next_start
23,13,342,khatma/342.mp3,100660,108560,next_start
23,14,342,khatma/342.mp3,108560,143260,next_start
23,15,342,khatma/342.mp3,143260,150720,next_start
23,16,342,khatma/342.mp3,150720,158540,next_start
23,17,342,khatma/342.mp3,158540,,
23,18,343,khatma/343.mp3,1000,19540,next_start
23,19,343,khatma/343.mp3,19540,36980,next_start
23,20,343,khatma/343.mp3,36980,50240,next_start
23,21,343,khatma/343.mp3,50240,67600,next_start
23,22,343,khatma/343.mp3,67600,73120,next_start
23,23,343,khatma/343.mp3,73120,93260,next_start
23,24,343,khatma/343.mp3,93260,128340,next_start
23,25,343,khatma/343.mp3,128340,139240,next_start
23,26,343,khatma/343.mp3,139240,145340,next_start
23,27,343,khatma/343.mp3,145340,,
23,28,344,khatma/344.mp3,580,14400,next_start
23,29,344,khatma/344.mp3,14400,25580,next_start
23,30,344,khatma/344.mp3,25580,33100,next_start
23,31,344,khatma/344.mp3,33100,40020,next_start
23,32,344,khatma/344.mp3,40020,54280,next_start
23,33,344,khatma/344.mp3,54280,91960,next_start
23,34,344,khatma/344.mp3,91960,99480,next_start
23,35,344,khatma/344.mp3,99480,115600,next_start
23,36,344,khatma/344.mp3,115600,122760,next_start
23,37,344,khatma/344.mp3,122760,131580,next_start
23,38,344,khatma/344.mp3,131580,141640,next_start
23,39,344,khatma/344.mp3,141640,148840,next_start
23,40,344,khatma/344.mp3,148840,156540,next_start
23,41,344,khatma/344.mp3,156540,169720,next_start
23,42,344,khatma/344.mp3,169720,,
23,43,345,khatma/345.mp3,620,8660,next_start
23,44,345,khatma/345.mp3,8660,34200,next_start
23,45,345,khatma/345.mp3,34200,45340,next_start
23,46,345,khatma/345.mp3,45340,53960,next_start
23,47,345,khatma/345.mp3,53960,64000,next_start
23,48,345,khatma/345.mp3,64000,70780,next_start
23,49,345,khatma/345.mp3,70780,78880,next_start
23,50,345,khatma/345.mp3,78880,101380,next_start
23,51,345,khatma/345.mp3,101380,113920,next_start
23,52,345,khatma/345.mp3,113920,135760,next_start
23,53,345,khatma/345.mp3,135760,148800,next_start
23,54,345,khatma/345.mp3,148800,156380,next_start
23,55,345,khatma/345.mp3,156380,164140,next_start
23,56,345,khatma/345.mp3,164140,174680,next_start
23,57,345,khatma/345.mp3,174680,184640,next_start
23,58,345,khatma/345.mp3,184640,192060,next_start
23,59,345,khatma/345.mp3,192060,,
23,60,346,khatma/346.mp3,620,13100,next_start
23,61,346,khatma/346.mp3,13100,21300,next_start
23,62,346,khatma/346.mp3,21300,35420,next_start
23,63,346,khatma/346.mp3,35420,49220,next_start
23,64,346,khatma/346.mp3,49220,60640,next_start
23,65,346,khatma/346.mp3,60640,71520,next_start
23,66,346,khatma/346.mp3,71520,83720,next_start
23,67,346,khatma/346.mp3,83720,92640,next_start
23,68,346,khatma/346.mp3,92640,107880,next_start
23,69,346,khatma/346.mp3,107880,116200,next_start
23,70,346,khatma/346.mp3,116200,130240,next_start
23,71,346,khatma/346.mp3,130240,164300,next_start
23,72,346,khatma/346.mp3,164300,176260,next_start
23,73,346,khatma/346.mp3,176260,186140,next_start
23,74,346,khatma/346.mp3,186140,,
23,75,347,khatma/347.mp3,660,12640,next_start
23,76,347,khatma/347.mp3,12640,25240,next_start
23,77,347,khatma/347.mp3,25240,44460,next_start
23,78,347,khatma/347.mp3,44460,55400,next_start
23,79,347,khatma/347.mp3,55400,62800,next_start
23,80,347,khatma/347.mp3,62800,76860,next_start
23,81,347,khatma/347.mp3,76860,82200,next_start
23,82,347,khatma/347.mp3,82200,95260,next_start
23,83,347,khatma/347.mp3,95260,108180,next_start
23,84,347,khatma/347.mp3,108180,118200,next_start
23,85,347,khatma/347.mp3,118200,126900,next_start
23,86,347,khatma/347.mp3,126900,134500,next_start
23,87,347,khatma/347.mp3,134500,143740,next_start
23,88,347,khatma/347.mp3,143740,158360,next_start
23,89,347,khatma/347.mp3,158360,,
23,90,348,khatma/348.mp3,860,9540,next_start
23,91,348,khatma/348.mp3,9540,32100,next_start
23,92,348,khatma/348.mp3,32100,44200,next_start
23,93,348,khatma/348.mp3,44200,49860,next_start
23,94,348,khatma/348.mp3,49860,56340,next_start
23,95,348,khatma/348.mp3,56340,64720,next_start
23,96,348,khatma/348.mp3,64720,76020,next_start
23,97,348,khatma/348.mp3,76020,81980,next_start
23,98,348,khatma/348.mp3,81980,88400,next_start
23,99,348,khatma/348.mp3,88400,97800,next_start
23,100,348,khatma/348.mp3,97800,120700,next_start
23,101,348,khatma/348.mp3,120700,133120,next_start
23,102,348,khatma/348.mp3,133120,142860,next_start
23,103,348,khatma/348.mp3,142860,161720,next_start
23,104,348,khatma/348.mp3,161720,,
24,1,350,khatma/350.mp3,9220,27280,next_start
24,2,350,khatma/350.mp3,27280,54400,next_start
24,3,350,khatma/350.mp3,54400,71160,next_start
24,4,350,khatma/350.mp3,71160,99640,next_start
24,5,350,khatma/350.mp3,99640,110280,next_start
24,6,350,khatma/350.mp3,110280,132740,next_start
24,7,350,khatma/350.mp3,132740,145180,next_start
24,8,350,khatma/350.mp3,145180,156940,next_start
24,9,350,khatma/350.mp3,156940,169740,next_start
24,10,350,khatma/350.mp3,169740,,
24,11,351,khatma/351.mp3,1240,31480,next_start
24,12,351,khatma/351.mp3,31480,51100,next_start
24,13,351,khatma/351.mp3,51100,70540,next_start
24,14,351,khatma/351.mp3,70540,92900,next_start
24,15,351,khatma/351.mp3,92900,116820,next_start
24,16,351,khatma/351.mp3,116820,136000,next_start
24,17,351,khatma/351.mp3,136000,147600,next_start
24,18,351,khatma/351.mp3,147600,159940,next_start
24,19,351,khatma/351.mp3,159940,188480,next_start
24,20,351,khatma/351.mp3,188480,,
24,21,352,khatma/352.mp3,2480,55040,next_start
24,22,352,khatma/352.mp3,55040,92060,next_start
24,23,352,khatma/352.mp3,92060,105460,next_start
24,24,352,khatma/352.mp3,105460,117280,next_start
24,25,352,khatma/352.mp3,117280,140180,next_start
24,26,352,khatma/352.mp3,140180,168240,next_start
24,27,352,khatma/352.mp3,168240,,
24,28,353,khatma/353.mp3,0,20260,next_start
24,29,353,khatma/353.mp3,20260,36900,next_start
24,30,353,khatma/353.mp3,36900,54800,next_start
24,31,353,khatma/353.mp3,54800,,
24,32,354,khatma/354.mp3,2760,20460,next_start
24,33,354,khatma/354.mp3,20460,72920,next_start
24,34,354,khatma/354.mp3,72920,98600,next_start
24,35,354,khatma/354.mp3,98600,165160,next_start
24,36,354,khatma/354.mp3,165160,,
24,37,355,khatma/355.mp3,540,55060,next_start
24,38,355,khatma/355.mp3,55060,72040,next_start
24,39,355,khatma/355.mp3,72040,114740,next_start
24,40,355,khatma/355.mp3,114740,172900,next_start
24,41,355,khatma/355.mp3,172900,196540,next_start
24,42,355,khatma/355.mp3,196540,204320,next_start
24,43,355,khatma/355.mp3,204320,,
24,44,356,khatma/356.mp3,1040,20580,next_start
24,45,356,khatma/356.mp3,20580,63200,next_start
24,46,356,khatma/356.mp3,63200,96980,next_start
24,47,356,khatma/356.mp3,96980,116780,next_start
24,48,356,khatma/356.mp3,116780,130400,next_start
24,49,356,khatma/356.mp3,130400,138880,next_start
24,50,356,khatma/356.mp3,138880,169420,next_start
24,51,356,khatma/356.mp3,169420,195280,next_start
24,52,356,khatma/356.mp3,195280,209080,next_start
24,53,356,khatma/356.mp3,209080,,
24,54,357,khatma/357.mp3,820,27240,next_start
24,55,357,khatma/357.mp3,27240,73360,next_start
24,56,357,khatma/357.mp3,73360,83520,next_start
24,57,357,khatma/357.mp3,83520,97560,next_start
24,58,357,khatma/357.mp3,97560,,
24,59,358,khatma/358.mp3,1020,21760,next_start
24,60,358,khatma/358.mp3,21760,51380,next_start
24,61,358,khatma/358.mp3,51380,,
24,62,359,khatma/359.mp3,400,48240,next_start
24,63,359,khatma/359.mp3,48240,91380,next_start
24,64,359,khatma/359.mp3,91380,132300,next_start
25,1,359,khatma/359.mp3,132300,143540,next_start
25,2,359,khatma/359.mp3,143540,,
25,3,360,khatma/360.mp3,1860,27440,next_start
25,4,360,khatma/360.mp3,27440,47700,next_start
25,5,360,khatma/360.mp3,47700,60460,next_start
25,6,360,khatma/360.mp3,60460,72800,next_start
25,7,360,khatma/360.mp3,72800,100400,next_start
25,8,360,khatma/360.mp3,100400,121700,next_start
25,9,360,khatma/360.mp3,121700,133300,next_start
25,10,360,khatma/360.mp3,133300,157700,next_start
25,11,360,khatma/360.mp3,157700,,
25,21,362,khatma/362.mp3,560,24700,next_start
25,22,362,khatma/362.mp3,24700,38160,next_start
25,23,362,khatma/362.mp3,38160,50140,next_start
25,24,362,khatma/362.mp3,50140,60600,next_start
25,25,362,khatma/362.mp3,60600,72700,next_start
25,26,362,khatma/362.mp3,72700,85300,next_start
25,27,362,khatma/362.mp3,85300,97860,next_start
25,28,362,khatma/362.mp3,97860,103840,next_start
25,29,362,khatma/362.mp3,103840,118120,next_start
25,30,362,khatma/362.mp3,118120,138420,next_start
25,31,362,khatma/362.mp3,138420,162200,next_start
25,32,362,khatma/362.mp3,162200,,
25,33,363,khatma/363.mp3,700,9860,next_start
25,34,363,khatma/363.mp3,9860,24460,next_start
25,35,363,khatma/363.mp3,24460,35140,next_start
25,36,363,khatma/363.mp3,35140,50560,next_start
25,37,363,khatma/363.mp3,50560,69000,next_start
25,38,363,khatma/363.mp3,69000,79040,next_start
25,39,363,khatma/363.mp3,79040,95620,next_start
25,40,363,khatma/363.mp3,95620,113300,next_start
25,41,363,khatma/363.mp3,113300,125140,next_start
25,42,363,khatma/363.mp3,125140,149080,next_start
25,43,363,khatma/363.mp3,149080,,
25,44,364,khatma/364.mp3,0,16180,next_start
25,45,364,khatma/364.mp3,16180,35520,next_start
25,46,364,khatma/364.mp3,35520,43100,next_start
25,47,364,khatma/364.mp3,43100,55760,next_start
25,48,364,khatma/364.mp3,55760,73420,next_start
25,49,364,khatma/364.mp3,73420,86640,next_start
25,50,364,khatma/364.mp3,86640,99660,next_start
25,51,364,khatma/364.mp3,99660,106980,next_start
25,52,364,khatma/364.mp3,106980,122820,next_start
25,53,364,khatma/364.mp3,122820,141840,next_start
25,54,364,khatma/364.mp3,141840,155200,next_start
25,55,364,khatma/364.mp3,155200,,
25,56,365,khatma/365.mp3,820,8580,next_start
25,57,365,khatma/365.mp3,8580,22360,next_start
25,58,365,khatma/365.mp3,22360,49680,next_start
25,59,365,khatma/365.mp3,49680,73120,next_start
25,60,365,khatma/365.mp3,73120,92280,next_start
25,61,365,khatma/365.mp3,92280,105280,next_start
25,62,365,khatma/365.mp3,105280,117760,next_start
25,63,365,khatma/365.mp3,117760,132400,next_start
25,64,365,khatma/365.mp3,132400,140380,next_start
25,65,365,khatma/365.mp3,140380,165580,next_start
25,66,365,khatma/365.mp3,165580,173580,next_start
25,67,365,khatma/365.mp3,173580,,
25,68,366,khatma/366.mp3,440,24700,next_start
25,69,366,khatma/366.mp3,24700,32200,next_start
25,70,366,khatma/366.mp3,32200,52680,next_start
25,71,366,khatma/366.mp3,52680,68400,next_start
25,72,366,khatma/366.mp3,68400,91620,next_start
25,73,366,khatma/366.mp3,91620,104500,next_start
25,74,366,khatma/366.mp3,104500,135260,next_start
25,75,366,khatma/366.mp3,135260,148960,next_start
25,76,366,khatma/366.mp3,148960,157400,next_start
25,77,366,khatma/366.mp3,157400,,
26,1,367,khatma/367.mp3,0,13180,next_start
26,2,367,khatma/367.mp3,13180,16660,next_start
26,3,367,khatma/367.mp3,16660,24000,next_start
26,4,367,khatma/367.mp3,24000,35060,next_start
26,5,367,khatma/367.mp3,35060,44440,next_start
26,6,367,khatma/367.mp3,44440,53500,next_start
26,7,367,khatma/367.mp3,53500,62260,next_start
26,8,367,khatma/367.mp3,62260,71280,next_start
26,9,367,khatma/367.mp3,71280,76620,next_start
26,10,367,khatma/367.mp3,76620,83540,next_start
26,11,367,khatma/367.mp3,83540,88720,next_start
26,12,367,khatma/367.mp3,88720,95260,next_start
26,13,367,khatma/367.mp3,95260,103680,next_start
26,14,367,khatma/367.mp3,103680,111240,next_start
26,15,367,khatma/367.mp3,111240,124880,next_start
26,16,367,khatma/367.mp3,124880,132500,next_start
26,17,367,khatma/367.mp3,132500,138720,next_start
26,18,367,khatma/367.mp3,138720,147900,next_start
26,19,367,khatma/367.mp3,147900,,
26,20,368,khatma/368.mp3,580,9760,next_start
26,21,368,khatma/368.mp3,9760,21660,next_start
26,22,368,khatma/368.mp3,21660,32320,next_start
26,23,368,khatma/368.mp3,32320,36040,next_start
26,24,368,khatma/368.mp3,36040,46420,next_start
26,25,368,khatma/368.mp3,46420,52200,next_start
26,26,368,khatma/368.mp3,52200,58680,next_start
26,27,368,khatma/368.mp3,58680,66020,next_start
26,28,368,khatma/368.mp3,66020,76600,next_start
26,29,368,khatma/368.mp3,76600,84940,next_start
26,30,368,khatma/368.mp3,84940,89360,next_start
26,31,368,khatma/368.mp3,89360,96660,next_start
26,32,368,khatma/368.mp3,96660,103560,next_start
26,33,368,khatma/368.mp3,103560,111380,next_start
26,34,368,khatma/368.mp3,111380,119220,next_start
26,35,368,khatma/368.mp3,119220,128360,next_start
26,36,368,khatma/368.mp3,128360,137300,next_start
26,37,368,khatma/368.mp3,137300,142700,next_start
26,38,368,khatma/368.mp3,142700,148520,next_start
26,39,368,khatma/368.mp3,148520,,
26,61,370,khatma/370.mp3,580,10880,next_start
26,62,370,khatma/370.mp3,10880,17240,next_start
26,63,370,khatma/370.mp3,17240,31100,next_start
26,64,370,khatma/370.mp3,31100,36260,next_start
26,65,370,khatma/370.mp3,36260,42980,next_start
26,66,370,khatma/370.mp3,42980,59900,next_start
26,67,370,khatma/370.mp3,59900,68980,next_start
26,68,370,khatma/370.mp3,68980,75900,next_start
26,69,370,khatma/370.mp3,75900,79640,next_start
26,70,370,khatma/370.mp3,79640,85020,next_start
26,71,370,khatma/370.mp3,85020,91500,next_start
26,72,370,khatma/370.mp3,91500,96860,next_start
26,73,370,khatma/370.mp3,96860,101540,next_start
26,74,370,khatma/370.mp3,101540,109380,next_start
26,75,370,khatma/370.mp3,109380,115800,next_start
26,76,370,khatma/370.mp3,115800,121460,next_start
26,77,370,khatma/370.mp3,121460,131740,next_start
26,78,370,khatma/370.mp3,131740,137540,next_start
26,79,370,khatma/370.mp3,137540,142820,next_start
26,80,370,khatma/370.mp3,142820,147260,next_start
26,81,370,khatma/370.mp3,147260,152980,next_start
26,82,370,khatma/370.mp3,152980,163340,next_start
26,83,370,khatma/370.mp3,163340,,
26,84,371,khatma/371.mp3,2580,8100,next_start
26,85,371,khatma/371.mp3,8100,14020,next_start
26,86,371,khatma/371.mp3,14020,21840,next_start
26,87,371,khatma/371.mp3,21840,26420,next_start
26,88,371,khatma/371.mp3,26420,32460,next_start
26,89,371,khatma/371.mp3,32460,38660,next_start
26,90,371,khatma/371.mp3,38660,44020,next_start
26,91,371,khatma/371.mp3,44020,49360,next_start
26,92,371,khatma/371.mp3,49360,55540,next_start
26,93,371,khatma/371.mp3,55540,64640,next_start
26,94,371,khatma/371.mp3,64640,70520,next_start
26,95,371,khatma/371.mp3,70520,74660,next_start
26,96,371,khatma/371.mp3,74660,79600,next_start
26,97,371,khatma/371.mp3,79600,88560,next_start
26,98,371,khatma/371.mp3,88560,92780,next_start
26,99,371,khatma/371.mp3,92780,100140,next_start
26,100,371,khatma/371.mp3,100140,105580,next_start
26,101,371,khatma/371.mp3,105580,109420,next_start
26,102,371,khatma/371.mp3,109420,116820,next_start
26,103,371,khatma/371.mp3,116820,126880,next_start
26,104,371,khatma/371.mp3,126880,132820,next_start
26,105,371,khatma/371.mp3,132820,137580,next_start
26,106,371,khatma/371.mp3,137580,144260,next_start
26,107,371,khatma/371.mp3,144260,148720,next_start
26,108,371,khatma/371.mp3,148720,153040,next_start
26,109,371,khatma/371.mp3,153040,163300,next_start
26,110,371,khatma/371.mp3,163300,167900,next_start
26,111,371,khatma/371.mp3,167900,,
26,112,372,khatma/372.mp3,540,5840,next_start
26,113,372,khatma/372.mp3,5840,11960,next_start
26,114,372,khatma/372.mp3,11960,17060,next_start
26,115,372,khatma/372.mp3,17060,22120,next_start
26,116,372,khatma/372.mp3,22120,31140,next_start
26,117,372,khatma/372.mp3,31140,36120,next_start
26,118,372,khatma/372.mp3,36120,46120,next_start
26,119,372,khatma/372.mp3,46120,50000,next_start
26,120,372,khatma/372.mp3,50000,55100,next_start
26,121,372,khatma/372.mp3,55100,63920,next_start
26,122,372,khatma/372.mp3,63920,69200,next_start
26,123,372,khatma/372.mp3,69200,73540,next_start
26,124,372,khatma/372.mp3,73540,80240,next_start
26,125,372,khatma/372.mp3,80240,84260,next_start
26,126,372,khatma/372.mp3,84260,87020,next_start
26,127,372,khatma/372.mp3,87020,95480,next_start
26,128,372,khatma/372.mp3,95480,101680,next_start
26,129,372,khatma/372.mp3,101680,107900,next_start
26,130,372,khatma/372.mp3,107900,113540,next_start
26,131,372,khatma/372.mp3,113540,117780,next_start
26,132,372,khatma/372.mp3,117780,125580,next_start
26,133,372,khatma/372.mp3,125580,132020,next_start
26,134,372,khatma/372.mp3,132020,155400,next_start
26,135,372,khatma/372.mp3,155400,161820,next_start
26,136,372,khatma/372.mp3,161820,,
26,137,373,khatma/373.mp3,0,5880,next_start
26,138,373,khatma/373.mp3,5880,9720,next_start
26,139,373,khatma/373.mp3,9720,22040,next_start
26,140,373,khatma/373.mp3,22040,27300,next_start
26,141,373,khatma/373.mp3,27300,31340,next_start
26,142,373,khatma/373.mp3,31340,38320,next_start
26,143,373,khatma/373.mp3,38320,42700,next_start
26,144,373,khatma/373.mp3,42700,46780,next_start
26,145,373,khatma/373.mp3,46780,56220,next_start
26,146,373,khatma/373.mp3,56220,62740,next_start
26,147,373,khatma/373.mp3,62740,67700,next_start
26,148,373,khatma/373.mp3,67700,73060,next_start
26,149,373,khatma/373.mp3,73060,79660,next_start
26,150,373,khatma/373.mp3,79660,82920,next_start
26,151,373,khatma/373.mp3,82920,86920,next_start
26,152,373,khatma/373.mp3,86920,92860,next_start
26,153,373,khatma/373.mp3,92860,99460,next_start
26,154,373,khatma/373.mp3,99460,111080,next_start
26,155,373,khatma/373.mp3,111080,120220,next_start
26,156,373,khatma/373.mp3,120220,130840,next_start
26,157,373,khatma/373.mp3,130840,134260,next_start
26,158,373,khatma/373.mp3,134260,146020,next_start
26,159,373,khatma/373.mp3,146020,,
26,160,374,khatma/374.mp3,580,4700,next_start
26,161,374,khatma/374.mp3,4700,10900,next_start
26,162,374,khatma/374.mp3,10900,15120,next_start
26,163,374,khatma/374.mp3,15120,20300,next_start
26,164,374,khatma/374.mp3,20300,30000,next_start
26,165,374,khatma/374.mp3,30000,34940,next_start
26,166,374,khatma/374.mp3,34940,46800,next_start
26,167,374,khatma/374.mp3,46800,56700,next_start
26,168,374,khatma/374.mp3,56700,63300,next_start
26,169,374,khatma/374.mp3,63300,73040,next_start
26,170,374,khatma/374.mp3,73040,76240,next_start
26,171,374,khatma/374.mp3,76240,81780,next_start
26,172,374,khatma/374.mp3,81780,86460,next_start
26,173,374,khatma/374.mp3,86460,96680,next_start
26,174,374,khatma/374.mp3,96680,105380,next_start
26,175,374,khatma/374.mp3,105380,111060,next_start
26,176,374,khatma/374.mp3,111060,116000,next_start
26,177,374,khatma/374.mp3,116000,121100,next_start
26,178,374,khatma/374.mp3,121100,124700,next_start
26,179,374,khatma/374.mp3,124700,128880,next_start
26,180,374,khatma/374.mp3,128880,138900,next_start
26,181,374,khatma/374.mp3,138900,144620,next_start
26,182,374,khatma/374.mp3,144620,149520,next_start
26,183,374,khatma/374.mp3,149520,,
26,184,375,khatma/375.mp3,780,7140,next_start
26,185,375,khatma/375.mp3,7140,14820,next_start
26,186,375,khatma/375.mp3,14820,25340,next_start
26,187,375,khatma/375.mp3,25340,35860,next_start
26,188,375,khatma/375.mp3,35860,41740,next_start
26,189,375,khatma/375.mp3,41740,52480,next_start
26,190,375,khatma/375.mp3,52480,69100,next_start
26,191,375,khatma/375.mp3,69100,76080,next_start
26,192,375,khatma/375.mp3,76080,82720,next_start
26,193,375,khatma/375.mp3,82720,86680,next_start
26,194,375,khatma/375.mp3,86680,92800,next_start
26,195,375,khatma/375.mp3,92800,98080,next_start
26,196,375,khatma/375.mp3,98080,103880,next_start
26,197,375,khatma/375.mp3,103880,115340,next_start
26,198,375,khatma/375.mp3,115340,120840,next_start
26,199,375,khatma/375.mp3,120840,127740,next_start
26,200,375,khatma/375.mp3,127740,133580,next_start
26,201,375,khatma/375.mp3,133580,140400,next_start
26,202,375,khatma/375.mp3,140400,147340,next_start
26,203,375,khatma/375.mp3,147340,154460,next_start
26,204,375,khatma/375.mp3,154460,161060,next_start
26,205,375,khatma/375.mp3,161060,163740,next_start
26,206,375,khatma/375.mp3,163740,,
26,207,376,khatma/376.mp3,720,7420,next_start
26,208,376,khatma/376.mp3,7420,15800,next_start
26,209,376,khatma/376.mp3,15800,21620,next_start
26,210,376,khatma/376.mp3,21620,26780,next_start
26,211,376,khatma/376.mp3,26780,32340,next_start
26,212,376,khatma/376.mp3,32340,37560,next_start
26,213,376,khatma/376.mp3,37560,46640,next_start
26,214,376,khatma/376.mp3,46640,52780,next_start
26,215,376,khatma/376.mp3,52780,58340,next_start
26,216,376,khatma/376.mp3,58340,68320,next_start
26,217,376,khatma/376.mp3,68320,73700,next_start
26,218,376,khatma/376.mp3,73700,79080,next_start
26,219,376,khatma/376.mp3,79080,83200,next_start
26,220,376,khatma/376.mp3,83200,88980,next_start
26,221,376,khatma/376.mp3,88980,97120,next_start
26,222,376,khatma/376.mp3,97120,102600,next_start
26,223,376,khatma/376.mp3,102600,111020,next_start
26,224,376,khatma/376.mp3,111020,117240,next_start
26,225,376,khatma/376.mp3,117240,124240,next_start
26,226,376,khatma/376.mp3,124240,130180,next_start
26,227,376,khatma/376.mp3,130180,,
27,1,377,khatma/377.mp3,15560,22800,next_start
27,2,377,khatma/377.mp3,22800,27820,next_start
27,3,377,khatma/377.mp3,27820,39880,next_start
27,4,377,khatma/377.mp3,39880,53300,next_start
27,5,377,khatma/377.mp3,53300,66360,next_start
27,6,377,khatma/377.mp3,66360,74560,next_start
27,7,377,khatma/377.mp3,74560,96340,next_start
27,8,377,khatma/377.mp3,96340,116440,next_start
27,9,377,khatma/377.mp3,116440,127660,next_start
27,10,377,khatma/377.mp3,127660,151620,next_start
27,11,377,khatma/377.mp3,151620,165960,next_start
27,12,377,khatma/377.mp3,165960,188400,next_start
27,13,377,khatma/377.mp3,188400,,
27,14,378,khatma/378.mp3,1960,18880,next_start
27,15,378,khatma/378.mp3,18880,41660,next_start
27,16,378,khatma/378.mp3,41660,71660,next_start
27,17,378,khatma/378.mp3,71660,83280,next_start
27,18,378,khatma/378.mp3,83280,112960,next_start
27,19,378,khatma/378.mp3,112960,157240,next_start
27,20,378,khatma/378.mp3,157240,173280,next_start
27,21,378,khatma/378.mp3,173280,185980,next_start
27,22,378,khatma/378.mp3,185980,,
27,23,379,khatma/379.mp3,600,14160,next_start
27,24,379,khatma/379.mp3,14160,35260,next_start
27,25,379,khatma/379.mp3,35260,55340,next_start
27,26,379,khatma/379.mp3,55340,72260,next_start
27,27,379,khatma/379.mp3,72260,80440,next_start
27,28,379,khatma/379.mp3,80440,93920,next_start
27,29,379,khatma/379.mp3,93920,107760,next_start
27,30,379,khatma/379.mp3,107760,126820,next_start
27,31,379,khatma/379.mp3,126820,153460,next_start
27,32,379,khatma/379.mp3,153460,168040,next_start
27,33,379,khatma/379.mp3,168040,183240,next_start
27,34,379,khatma/379.mp3,183240,204480,next_start
27,35,379,khatma/379.mp3,204480,,
27,36,380,khatma/380.mp3,540,31320,next_start
27,37,380,khatma/380.mp3,31320,61400,next_start
27,38,380,khatma/380.mp3,61400,75640,next_start
27,39,380,khatma/380.mp3,75640,93900,next_start
27,40,380,khatma/380.mp3,93900,149120,next_start
27,41,380,khatma/380.mp3,149120,162300,next_start
27,42,380,khatma/380.mp3,162300,197160,next_start
27,43,380,khatma/380.mp3,197160,210760,next_start
27,44,380,khatma/380.mp3,210760,,
27,56,382,khatma/382.mp3,40,20560,next_start
27,57,382,khatma/382.mp3,20560,31140,next_start
27,58,382,khatma/382.mp3,31140,42740,next_start
27,59,382,khatma/382.mp3,42740,64680,next_start
27,60,382,khatma/382.mp3,64680,107980,next_start
27,61,382,khatma/382.mp3,107980,134340,next_start
27,62,382,khatma/382.mp3,134340,182240,next_start
27,63,382,khatma/382.mp3,182240,,
27,64,383,khatma/383.mp3,3060,25040,next_start
27,65,383,khatma/383.mp3,25040,41000,next_start
27,66,383,khatma/383.mp3,41000,52940,next_start
27,67,383,khatma/383.mp3,52940,65620,next_start
27,68,383,khatma/383.mp3,65620,78800,next_start
27,69,383,khatma/383.mp3,78800,88740,next_start
27,70,383,khatma/383.mp3,88740,99120,next_start
27,71,383,khatma/383.mp3,99120,108300,next_start
27,72,383,khatma/383.mp3,108300,118860,next_start
27,73,383,khatma/383.mp3,118860,133620,next_start
27,74,383,khatma/383.mp3,133620,144440,next_start
27,75,383,khatma/383.mp3,144440,158800,next_start
27,76,383,khatma/383.mp3,158800,,
27,77,384,khatma/384.mp3,0,8520,next_start
27,78,384,khatma/384.mp3,8520,18920,next_start
27,79,384,khatma/384.mp3,18920,38980,next_start
27,80,384,khatma/384.mp3,38980,50900,next_start
27,81,384,khatma/384.mp3,50900,67520,next_start
27,82,384,khatma/384.mp3,67520,90140,next_start
27,83,384,khatma/384.mp3,90140,104860,next_start
27,84,384,khatma/384.mp3,104860,123680,next_start
27,85,384,khatma/384.mp3,123680,137320,next_start
27,86,384,khatma/384.mp3,137320,154500,next_start
27,87,384,khatma/384.mp3,154500,176280,next_start
27,88,384,khatma/384.mp3,176280,,
27,89,385,khatma/385.mp3,80,14440,next_start
27,90,385,khatma/385.mp3,14440,30620,next_start
27,91,385,khatma/385.mp3,30620,54220,next_start
27,92,385,khatma/385.mp3,54220,76200,next_start
27,93,385,khatma/385.mp3,76200,113620,next_start
28,1,385,khatma/385.mp3,113620,117020,next_start
28,2,385,khatma/385.mp3,117020,122420,next_start
28,3,385,khatma/385.mp3,122420,130800,next_start
28,4,385,khatma/385.mp3,130800,158020,next_start
28,5,385,khatma/385.mp3,158020,,
28,6,386,khatma/386.mp3,780,13800,next_start
28,7,386,khatma/386.mp3,13800,40880,next_start
28,8,386,khatma/386.mp3,40880,58900,next_start
28,9,386,khatma/386.mp3,58900,80540,next_start
28,10,386,khatma/386.mp3,80540,104660,next_start
28,11,386,khatma/386.mp3,104660,117960,next_start
28,12,386,khatma/386.mp3,117960,140800,next_start
28,13,386,khatma/386.mp3,140800,,
28,14,387,khatma/387.mp3,600,14300,next_start
28,15,387,khatma/387.mp3,14300,72480,next_start
28,16,387,khatma/387.mp3,72480,86240,next_start
28,17,387,khatma/387.mp3,86240,96180,next_start
28,18,387,khatma/387.mp3,96180,119000,next_start
28,19,387,khatma/387.mp3,119000,152440,next_start
28,20,387,khatma/387.mp3,152440,178980,next_start
28,21,387,khatma/387.mp3,178980,,
28,22,388,khatma/388.mp3,0,14840,next_start
28,23,388,khatma/388.mp3,14840,48360,next_start
28,24,388,khatma/388.mp3,48360,74980,next_start
28,25,388,khatma/388.mp3,74980,113620,next_start
28,26,388,khatma/388.mp3,113620,127800,next_start
28,27,388,khatma/388.mp3,127800,160880,next_start
28,28,388,khatma/388.mp3,160880,,
28,36,390,khatma/390.mp3,580,24960,next_start
28,37,390,khatma/390.mp3,24960,45640,next_start
28,38,390,khatma/390.mp3,45640,86900,next_start
28,39,390,khatma/390.mp3,86900,97620,next_start
28,40,390,khatma/390.mp3,97620,112540,next_start
28,41,390,khatma/390.mp3,112540,127840,next_start
28,42,390,khatma/390.mp3,127840,141720,next_start
28,43,390,khatma/390.mp3,141720,,
28,44,391,khatma/391.mp3,0,16280,next_start
28,45,391,khatma/391.mp3,16280,45260,next_start
28,46,391,khatma/391.mp3,45260,70060,next_start
28,47,391,khatma/391.mp3,70060,94740,next_start
28,48,391,khatma/391.mp3,94740,126100,next_start
28,49,391,khatma/391.mp3,126100,140620,next_start
28,50,391,khatma/391.mp3,140620,,
28,51,392,khatma/392.mp3,1000,8260,next_start
28,52,392,khatma/392.mp3,8260,16660,next_start
28,53,392,khatma/392.mp3,16660,42480,next_start
28,54,392,khatma/392.mp3,42480,60020,next_start
28,55,392,khatma/392.mp3,60020,76120,next_start
28,56,392,khatma/392.mp3,76120,90840,next_start
28,57,392,khatma/392.mp3,90840,121600,next_start
28,58,392,khatma/392.mp3,121600,142680,next_start
28,59,392,khatma/392.mp3,142680,,
28,60,393,khatma/393.mp3,720,20620,next_start
28,61,393,khatma/393.mp3,20620,38200,next_start
28,62,393,khatma/393.mp3,38200,49940,next_start
28,63,393,khatma/393.mp3,49940,85780,next_start
28,64,393,khatma/393.mp3,85780,102460,next_start
28,65,393,khatma/393.mp3,102460,111600,next_start
28,66,393,khatma/393.mp3,111600,123360,next_start
28,67,393,khatma/393.mp3,123360,136620,next_start
28,68,393,khatma/393.mp3,136620,154960,next_start
28,69,393,khatma/393.mp3,154960,163580,next_start
28,70,393,khatma/393.mp3,163580,,
28,71,394,khatma/394.mp3,580,22300,next_start
28,72,394,khatma/394.mp3,22300,56220,next_start
28,73,394,khatma/394.mp3,56220,70560,next_start
28,74,394,khatma/394.mp3,70560,82320,next_start
28,75,394,khatma/394.mp3,82320,111480,next_start
28,76,394,khatma/394.mp3,111480,142020,next_start
28,77,394,khatma/394.mp3,142020,,
28,78,395,khatma/395.mp3,920,29380,next_start
28,79,395,khatma/395.mp3,29380,49940,next_start
28,80,395,khatma/395.mp3,49940,73660,next_start
28,81,395,khatma/395.mp3,73660,93800,next_start
28,82,395,khatma/395.mp3,93800,126360,next_start
28,83,395,khatma/395.mp3,126360,143700,next_start
28,84,395,khatma/395.mp3,143700,,
28,85,396,khatma/396.mp3,0,23180,next_start
28,86,396,khatma/396.mp3,23180,41420,next_start
28,87,396,khatma/396.mp3,41420,60440,next_start
28,88,396,khatma/396.mp3,60440,95720,next_start
29,1,396,khatma/396.mp3,95720,97580,next_start
29,2,396,khatma/396.mp3,97580,112820,next_start
29,3,396,khatma/396.mp3,112820,125220,next_start
29,4,396,khatma/396.mp3,125220,138860,next_start
29,5,396,khatma/396.mp3,138860,154260,next_start
29,6,396,khatma/396.mp3,154260,,
29,7,397,khatma/397.mp3,0,14740,next_start
29,8,397,khatma/397.mp3,14740,40140,next_start
29,9,397,khatma/397.mp3,40140,49180,next_start
29,10,397,khatma/397.mp3,49180,83760,next_start
29,11,397,khatma/397.mp3,83760,92920,next_start
29,12,397,khatma/397.mp3,92920,114900,next_start
29,13,397,khatma/397.mp3,114900,131360,next_start
29,14,397,khatma/397.mp3,131360,,
29,15,398,khatma/398.mp3,400,12040,next_start
29,16,398,khatma/398.mp3,12040,28300,next_start
29,17,398,khatma/398.mp3,28300,62980,next_start
29,18,398,khatma/398.mp3,62980,75880,next_start
29,19,398,khatma/398.mp3,75880,89700,next_start
29,20,398,khatma/398.mp3,89700,114880,next_start
29,21,398,khatma/398.mp3,114880,128480,next_start
29,22,398,khatma/398.mp3,128480,147100,next_start
29,23,398,khatma/398.mp3,147100,,
29,24,399,khatma/399.mp3,0,27600,next_start
29,25,399,khatma/399.mp3,27600,62360,next_start
29,26,399,khatma/399.mp3,62360,75600,next_start
29,27,399,khatma/399.mp3,75600,98520,next_start
29,28,399,khatma/399.mp3,98520,113680,next_start
29,29,399,khatma/399.mp3,113680,140140,next_start
29,30,399,khatma/399.mp3,140140,,
29,31,400,khatma/400.mp3,0,18220,next_start
29,32,400,khatma/400.mp3,18220,36560,next_start
29,33,400,khatma/400.mp3,36560,63300,next_start
29,34,400,khatma/400.mp3,63300,75200,next_start
29,35,400,khatma/400.mp3,75200,86040,next_start
29,36,400,khatma/400.mp3,86040,101740,next_start
29,37,400,khatma/400.mp3,101740,109280,next_start
29,38,400,khatma/400.mp3,109280,,
29,46,402,khatma/402.mp3,220,34320,next_start
29,47,402,khatma/402.mp3,34320,60300,next_start
29,48,402,khatma/402.mp3,60300,75520,next_start
29,49,402,khatma/402.mp3,75520,92480,next_start
29,50,402,khatma/402.mp3,92480,112580,next_start
29,51,402,khatma/402.mp3,112580,131600,next_start
29,52,402,khatma/402.mp3,131600,,
29,53,403,khatma/403.mp3,2480,22700,next_start
29,54,403,khatma/403.mp3,22700,33460,next_start
29,55,403,khatma/403.mp3,33460,51480,next_start
29,56,403,khatma/403.mp3,51480,62380,next_start
29,57,403,khatma/403.mp3,62380,73240,next_start
29,58,403,khatma/403.mp3,73240,95640,next_start
29,59,403,khatma/403.mp3,95640,104200,next_start
29,60,403,khatma/403.mp3,104200,121460,next_start
29,61,403,khatma/403.mp3,121460,138760,next_start
29,62,403,khatma/403.mp3,138760,155560,next_start
29,63,403,khatma/403.mp3,155560,,
29,64,404,khatma/404.mp3,460,18040,next_start
29,65,404,khatma/404.mp3,18040,33160,next_start
29,66,404,khatma/404.mp3,33160,44340,next_start
29,67,404,khatma/404.mp3,44340,68660,next_start
29,68,404,khatma/404.mp3,68660,87600,next_start
29,69,404,khatma/404.mp3,87600,124580,next_start
30,1,404,khatma/404.mp3,124580,128680,next_start
30,2,404,khatma/404.mp3,128680,136900,next_start
30,3,404,khatma/404.mp3,136900,154840,next_start
30,4,404,khatma/404.mp3,154840,170580,next_start
30,5,404,khatma/404.mp3,170580,,
30,6,405,khatma/405.mp3,0,15000,next_start
30,7,405,khatma/405.mp3,15000,26400,next_start
30,8,405,khatma/405.mp3,26400,57520,next_start
30,9,405,khatma/405.mp3,57520,102820,next_start
30,10,405,khatma/405.mp3,102820,122400,next_start
30,11,405,khatma/405.mp3,122400,133220,next_start
30,12,405,khatma/405.mp3,133220,139720,next_start
30,13,405,khatma/405.mp3,139720,163000,next_start
30,14,405,khatma/405.mp3,163000,171520,next_start
30,15,405,khatma/405.mp3,171520,,
30,16,406,khatma/406.mp3,0,22600,next_start
30,17,406,khatma/406.mp3,22600,35480,next_start
30,18,406,khatma/406.mp3,35480,47840,next_start
30,19,406,khatma/406.mp3,47840,63880,next_start
30,20,406,khatma/406.mp3,63880,81560,next_start
30,21,406,khatma/406.mp3,81560,113820,next_start
30,22,406,khatma/406.mp3,113820,132200,next_start
30,23,406,khatma/406.mp3,132200,155640,next_start
30,24,406,khatma/406.mp3,155640,,
30,25,407,khatma/407.mp3,0,21520,next_start
30,26,407,khatma/407.mp3,21520,31140,next_start
30,27,407,khatma/407.mp3,31140,52080,next_start
30,28,407,khatma/407.mp3,52080,103080,next_start
30,29,407,khatma/407.mp3,103080,125600,next_start
30,30,407,khatma/407.mp3,125600,153320,next_start
30,31,407,khatma/407.mp3,153320,167000,next_start
30,32,407,khatma/407.mp3,167000,,
30,33,408,khatma/408.mp3,0,23500,next_start
30,34,408,khatma/408.mp3,23500,34040,next_start
30,35,408,khatma/408.mp3,34040,46340,next_start
30,36,408,khatma/408.mp3,46340,65960,next_start
30,37,408,khatma/408.mp3,65960,86800,next_start
30,38,408,khatma/408.mp3,86800,113380,next_start
30,39,408,khatma/408.mp3,113380,153460,next_start
30,40,408,khatma/408.mp3,153460,186180,next_start
30,41,408,khatma/408.mp3,186180,,
30,51,410,khatma/410.mp3,940,10920,next_start
30,52,410,khatma/410.mp3,10920,34620,next_start
30,53,410,khatma/410.mp3,34620,52220,next_start
30,54,410,khatma/410.mp3,52220,82220,next_start
30,55,410,khatma/410.mp3,82220,96700,next_start
30,56,410,khatma/410.mp3,96700,120000,next_start
30,57,410,khatma/410.mp3,120000,131680,next_start
30,58,410,khatma/410.mp3,131680,161680,next_start
30,59,410,khatma/410.mp3,161680,172740,next_start
30,60,410,khatma/410.mp3,172740,,
31,1,411,khatma/411.mp3,0,17320,next_start
31,2,411,khatma/411.mp3,17320,24660,next_start
31,3,411,khatma/411.mp3,24660,28120,next_start
31,4,411,khatma/411.mp3,28120,39820,next_start
31,5,411,khatma/411.mp3,39820,51060,next_start
31,6,411,khatma/411.mp3,51060,71940,next_start
31,7,411,khatma/411.mp3,71940,95480,next_start
31,8,411,khatma/411.mp3,95480,106160,next_start
31,9,411,khatma/411.mp3,106160,116300,next_start
31,10,411,khatma/411.mp3,116300,156940,next_start
31,11,411,khatma/411.mp3,156940,,
31,12,412,khatma/412.mp3,0,22320,next_start
31,13,412,khatma/412.mp3,22320,42320,next_start
31,14,412,khatma/412.mp3,42320,99440,next_start
31,15,412,khatma/412.mp3,99440,127680,next_start
31,16,412,khatma/412.mp3,127680,152200,next_start
31,17,412,khatma/412.mp3,152200,170940,next_start
31,18,412,khatma/412.mp3,170940,188960,next_start
31,19,412,khatma/412.mp3,188960,,
31,20,413,khatma/413.mp3,0,29700,next_start
31,21,413,khatma/413.mp3,29700,52200,next_start
31,22,413,khatma/413.mp3,52200,69840,next_start
31,23,413,khatma/413.mp3,69840,89240,next_start
31,24,413,khatma/413.mp3,89240,101720,next_start
31,25,413,khatma/413.mp3,101720,121540,next_start
31,26,413,khatma/413.mp3,121540,130440,next_start
31,27,413,khatma/413.mp3,130440,160680,next_start
31,28,413,khatma/413.mp3,160680,,
31,29,414,khatma/414.mp3,0,33020,next_start
31,30,414,khatma/414.mp3,33020,50520,next_start
31,31,414,khatma/414.mp3,50520,72000,next_start
31,32,414,khatma/414.mp3,72000,109200,next_start
31,33,414,khatma/414.mp3,109200,151660,next_start
31,34,414,khatma/414.mp3,151660,,
32,1,415,khatma/415.mp3,0,14200,next_start
32,2,415,khatma/415.mp3,14200,20200,next_start
32,3,415,khatma/415.mp3,20200,40420,next_start
32,4,415,khatma/415.mp3,40420,66940,next_start
32,5,415,khatma/415.mp3,66940,85880,next_start
32,6,415,khatma/415.mp3,85880,93720,next_start
32,7,415,khatma/415.mp3,93720,104500,next_start
32,8,415,khatma/415.mp3,104500,114740,next_start
32,9,415,khatma/415.mp3,114740,130740,next_start
32,10,415,khatma/415.mp3,130740,149140,next_start
32,11,415,khatma/415.mp3,149140,,
32,12,416,khatma/416.mp3,0,25260,next_start
32,13,416,khatma/416.mp3,25260,43540,next_start
32,14,416,khatma/416.mp3,43540,63380,next_start
32,15,416,khatma/416.mp3,63380,87460,next_start
32,16,416,khatma/416.mp3,87460,107760,next_start
32,17,416,khatma/416.mp3,107760,125620,next_start
32,18,416,khatma/416.mp3,125620,135720,next_start
32,19,416,khatma/416.mp3,135720,151040,next_start
32,20,416,khatma/416.mp3,151040,,
32,21,417,khatma/417.mp3,0,12380,next_start
32,22,417,khatma/417.mp3,12380,29100,next_start
32,23,417,khatma/417.mp3,29100,47180,next_start
32,24,417,khatma/417.mp3,47180,64620,next_start
32,25,417,khatma/417.mp3,64620,75200,next_start
32,26,417,khatma/417.mp3,75200,95620,next_start
32,27,417,khatma/417.mp3,95620,115300,next_start
32,28,417,khatma/417.mp3,115300,124020,next_start
32,29,417,khatma/417.mp3,124020,137640,next_start
32,30,417,khatma/417.mp3,137640,,
33,1,418,khatma/418.mp3,10640,24180,next_start
33,2,418,khatma/418.mp3,24180,35800,next_start
33,3,418,khatma/418.mp3,35800,43140,next_start
33,4,418,khatma/418.mp3,43140,76180,next_start
33,5,418,khatma/418.mp3,76180,121980,next_start
33,6,418,khatma/418.mp3,121980,,
33,7,419,khatma/419.mp3,200,20080,next_start
33,8,419,khatma/419.mp3,20080,32040,next_start
33,9,419,khatma/419.mp3,32040,60500,next_start
33,10,419,khatma/419.mp3,60500,87380,next_start
33,11,419,khatma/419.mp3,87380,93480,next_start
33,12,419,khatma/419.mp3,93480,108600,next_start
33,13,419,khatma/419.mp3,108600,137420,next_start
33,14,419,khatma/419.mp3,137420,158540,next_start
33,15,419,khatma/419.mp3,158540,,
33,16,420,khatma/420.mp3,640,14780,next_start
33,17,420,khatma/420.mp3,14780,36460,next_start
33,18,420,khatma/420.mp3,36460,55620,next_start
33,19,420,khatma/420.mp3,55620,94740,next_start
33,20,420,khatma/420.mp3,94740,124080,next_start
33,21,420,khatma/420.mp3,124080,140060,next_start
33,22,420,khatma/420.mp3,140060,,
33,31,422,khatma/422.mp3,0,21920,next_start
33,32,422,khatma/422.mp3,21920,42920,next_start
33,33,422,khatma/422.mp3,42920,87300,next_start
33,34,422,khatma/422.mp3,87300,97700,next_start
33,35,422,khatma/422.mp3,97700,,
33,36,423,khatma/423.mp3,0,23480,next_start
33,37,423,khatma/423.mp3,23480,95700,next_start
33,38,423,khatma/423.mp3,95700,116200,next_start
33,39,423,khatma/423.mp3,116200,150060,next_start
33,40,423,khatma/423.mp3,150060,177160,next_start
33,41,423,khatma/423.mp3,177160,183340,next_start
33,42,423,khatma/423.mp3,183340,188020,next_start
33,43,423,khatma/423.mp3,188020,,
33,44,424,khatma/424.mp3,1960,13060,next_start
33,45,424,khatma/424.mp3,13060,23280,next_start
33,46,424,khatma/424.mp3,23280,30680,next_start
33,47,424,khatma/424.mp3,30680,39580,next_start
33,48,424,khatma/424.mp3,39580,60500,next_start
33,49,424,khatma/424.mp3,60500,93900,next_start
33,50,424,khatma/424.mp3,93900,,
33,51,425,khatma/425.mp3,900,46440,next_start
33,52,425,khatma/425.mp3,46440,70220,next_start
33,53,425,khatma/425.mp3,70220,159600,next_start
33,54,425,khatma/425.mp3,159600,,
33,55,426,khatma/426.mp3,0,28200,next_start
33,56,426,khatma/426.mp3,28200,51400,next_start
33,57,426,khatma/426.mp3,51400,67300,next_start
33,58,426,khatma/426.mp3,67300,87880,next_start
33,59,426,khatma/426.mp3,87880,118620,next_start
33,60,426,khatma/426.mp3,118620,147120,next_start
33,61,426,khatma/426.mp3,147120,155640,next_start
33,62,426,khatma/426.mp3,155640,,
33,63,427,khatma/427.mp3,1740,22480,next_start
33,64,427,khatma/427.mp3,22480,29560,next_start
33,65,427,khatma/427.mp3,29560,40340,next_start
33,66,427,khatma/427.mp3,40340,61120,next_start
33,67,427,khatma/427.mp3,61120,74680,next_start
33,68,427,khatma/427.mp3,74680,112720,next_start
33,69,427,khatma/427.mp3,112720,141860,next_start
33,70,427,khatma/427.mp3,141860,152760,next_start
33,71,427,khatma/427.mp3,152760,168960,next_start
33,72,427,khatma/427.mp3,168960,219440,next_start
33,73,427,khatma/427.mp3,219440,,
34,1,428,khatma/428.mp3,11060,25620,next_start
34,2,428,khatma/428.mp3,25620,42220,next_start
34,3,428,khatma/428.mp3,42220,76080,next_start
34,4,428,khatma/428.mp3,76080,91280,next_start
34,5,428,khatma/428.mp3,91280,105300,next_start
34,6,428,khatma/428.mp3,105300,122080,next_start
34,7,428,khatma/428.mp3,122080,,
34,15,430,khatma/430.mp3,900,25400,next_start
34,16,430,khatma/430.mp3,25400,51140,next_start
34,17,430,khatma/430.mp3,51140,61660,next_start
34,18,430,khatma/430.mp3,61660,83480,next_start
34,19,430,khatma/430.mp3,83480,113560,next_start
34,20,430,khatma/430.mp3,113560,129560,next_start
34,21,430,khatma/430.mp3,129560,151020,next_start
34,22,430,khatma/430.mp3,151020,,
34,23,431,khatma/431.mp3,760,24100,next_start
34,24,431,khatma/431.mp3,24100,43140,next_start
34,25,431,khatma/431.mp3,43140,53180,next_start
34,26,431,khatma/431.mp3,53180,64560,next_start
34,27,431,khatma/431.mp3,64560,86460,next_start
34,28,431,khatma/431.mp3,86460,103720,next_start
34,29,431,khatma/431.mp3,103720,111920,next_start
34,30,431,khatma/431.mp3,111920,123460,next_start
34,31,431,khatma/431.mp3,123460,,
34,32,432,khatma/432.mp3,640,20240,next_start
34,33,432,khatma/432.mp3,20240,59980,next_start
34,34,432,khatma/432.mp3,59980,76560,next_start
34,35,432,khatma/432.mp3,76560,86520,next_start
34,36,432,khatma/432.mp3,86520,102360,next_start
34,37,432,khatma/432.mp3,102360,137160,next_start
34,38,432,khatma/432.mp3,137160,150880,next_start
34,39,432,khatma/432.mp3,150880,,
34,40,433,khatma/433.mp3,0,16340,next_start
34,41,433,khatma/433.mp3,16340,34080,next_start
34,42,433,khatma/433.mp3,34080,55600,next_start
34,43,433,khatma/433.mp3,55600,98620,next_start
34,44,433,khatma/433.mp3,98620,115300,next_start
34,45,433,khatma/433.mp3,115300,130960,next_start
34,46,433,khatma/433.mp3,130960,160380,next_start
34,47,433,khatma/433.mp3,160380,179620,next_start
34,48,433,khatma/433.mp3,179620,,
34,49,434,khatma/434.mp3,0,820,next_start
34,50,434,khatma/434.mp3,820,2460,next_start
34,51,434,khatma/434.mp3,2460,4210,next_start
34,52,434,khatma/434.mp3,4210,5780,next_start
34,53,434,khatma/434.mp3,5780,7520,next_start
34,54,434,khatma/434.mp3,7520,10140,next_start
35,1,434,khatma/434.mp3,10140,37480,next_start
35,2,434,khatma/434.mp3,37480,58060,next_start
35,3,434,khatma/434.mp3,58060,,
35,4,435,khatma/435.mp3,0,13360,next_start
35,5,435,khatma/435.mp3,13360,30140,next_start
35,6,435,khatma/435.mp3,30140,47220,next_start
35,7,435,khatma/435.mp3,47220,66440,next_start
35,8,435,khatma/435.mp3,66440,100200,next_start
35,9,435,khatma/435.mp3,100200,124020,next_start
35,10,435,khatma/435.mp3,124020,154440,next_start
35,11,435,khatma/435.mp3,154440,,
35,12,436,khatma/436.mp3,0,38920,next_start
35,13,436,khatma/436.mp3,38920,70140,next_start
35,14,436,khatma/436.mp3,70140,94680,next_start
35,15,436,khatma/436.mp3,94680,107200,next_start
35,16,436,khatma/436.mp3,107200,114680,next_start
35,17,436,khatma/436.mp3,114680,120420,next_start
35,18,436,khatma/436.mp3,120420,,
35,19,437,khatma/437.mp3,0,5460,next_start
35,20,437,khatma/437.mp3,5460,10720,next_start
35,21,437,khatma/437.mp3,10720,15520,next_start
35,22,437,khatma/437.mp3,15520,36420,next_start
35,23,437,khatma/437.mp3,36420,41780,next_start
35,24,437,khatma/437.mp3,41780,56000,next_start
35,25,437,khatma/437.mp3,56000,73020,next_start
35,26,437,khatma/437.mp3,73020,80860,next_start
35,27,437,khatma/437.mp3,80860,111780,next_start
35,28,437,khatma/437.mp3,111780,137060,next_start
35,29,437,khatma/437.mp3,137060,167980,next_start
35,30,437,khatma/437.mp3,167980,,
35,31,438,khatma/438.mp3,780,18840,next_start
35,32,438,khatma/438.mp3,18840,45940,next_start
35,33,438,khatma/438.mp3,45940,69440,next_start
35,34,438,khatma/438.mp3,69440,83300,next_start
35,35,438,khatma/438.mp3,83300,99240,next_start
35,36,438,khatma/438.mp3,99240,120860,next_start
35,37,438,khatma/438.mp3,120860,153620,next_start
35,38,438,khatma/438.mp3,153620,,
35,39,439,khatma/439.mp3,660,25500,next_start
35,40,439,khatma/439.mp3,25500,56740,next_start
35,41,439,khatma/439.mp3,56740,77600,next_start
35,42,439,khatma/439.mp3,77600,105720,next_start
35,43,439,khatma/439.mp3,105720,135240,next_start
35,44,439,khatma/439.mp3,135240,,
35,45,440,khatma/440.mp3,5200,14450,next_start
36,1,440,khatma/440.mp3,14450,14820,next_start
36,2,440,khatma/440.mp3,14820,17060,next_start
36,3,440,khatma/440.mp3,17060,21880,next_start
36,4,440,khatma/440.mp3,21880,27100,next_start
36,5,440,khatma/440.mp3,27100,31780,next_start
36,6,440,khatma/440.mp3,31780,42440,next_start
36,7,440,khatma/440.mp3,42440,50400,next_start
36,8,440,khatma/440.mp3,50400,62900,next_start
36,9,440,khatma/440.mp3,62900,78320,next_start
36,10,440,khatma/440.mp3,78320,90180,next_start
36,11,440,khatma/440.mp3,90180,107160,next_start
36,12,440,khatma/440.mp3,107160,,
36,28,442,khatma/442.mp3,0,14240,next_start
36,29,442,khatma/442.mp3,14240,24340,next_start
36,30,442,khatma/442.mp3,24340,35120,next_start
36,31,442,khatma/442.mp3,35120,47640,next_start
36,32,442,khatma/442.mp3,47640,56100,next_start
36,33,442,khatma/442.mp3,56100,70880,next_start
36,34,442,khatma/442.mp3,70880,85240,next_start
36,35,442,khatma/442.mp3,85240,95540,next_start
36,36,442,khatma/442.mp3,95540,111200,next_start
36,37,442,khatma/442.mp3,111200,127480,next_start
36,38,442,khatma/442.mp3,127480,137080,next_start
36,39,442,khatma/442.mp3,137080,147620,next_start
36,40,442,khatma/442.mp3,147620,,
36,41,443,khatma/443.mp3,1640,9100,next_start
36,42,443,khatma/443.mp3,9100,15860,next_start
36,43,443,khatma/443.mp3,15860,24600,next_start
36,44,443,khatma/443.mp3,24600,31780,next_start
36,45,443,khatma/443.mp3,31780,41760,next_start
36,46,443,khatma/443.mp3,41760,52420,next_start
36,47,443,khatma/443.mp3,52420,76440,next_start
36,48,443,khatma/443.mp3,76440,85140,next_start
36,49,443,khatma/443.mp3,85140,95880,next_start
36,50,443,khatma/443.mp3,95880,107820,next_start
36,51,443,khatma/443.mp3,107820,115820,next_start
36,52,443,khatma/443.mp3,115820,129140,next_start
36,53,443,khatma/443.mp3,129140,140340,next_start
36,54,443,khatma/443.mp3,140340,,
36,55,444,khatma/444.mp3,640,9120,next_start
36,56,444,khatma/444.mp3,9120,17780,next_start
36,57,444,khatma/444.mp3,17780,25660,next_start
36,58,444,khatma/444.mp3,25660,32420,next_start
36,59,444,khatma/444.mp3,32420,36460,next_start
36,60,444,khatma/444.mp3,36460,50580,next_start
36,61,444,khatma/444.mp3,50580,58420,next_start
36,62,444,khatma/444.mp3,58420,68980,next_start
36,63,444,khatma/444.mp3,68980,75720,next_start
36,64,444,khatma/444.mp3,75720,81720,next_start
36,65,444,khatma/444.mp3,81720,99060,next_start
36,66,444,khatma/444.mp3,99060,115100,next_start
36,67,444,khatma/444.mp3,115100,126880,next_start
36,68,444,khatma/444.mp3,126880,136320,next_start
36,69,444,khatma/444.mp3,136320,150400,next_start
36,70,444,khatma/444.mp3,150400,,
36,71,445,khatma/445.mp3,680,13360,next_start
36,72,445,khatma/445.mp3,13360,22580,next_start
36,73,445,khatma/445.mp3,22580,32100,next_start
36,74,445,khatma/445.mp3,32100,39920,next_start
36,75,445,khatma/445.mp3,39920,48880,next_start
36,76,445,khatma/445.mp3,48880,60700,next_start
36,77,445,khatma/445.mp3,60700,72720,next_start
36,78,445,khatma/445.mp3,72720,83620,next_start
36,79,445,khatma/445.mp3,83620,100400,next_start
36,80,445,khatma/445.mp3,100400,115800,next_start
36,81,445,khatma/445.mp3,115800,133740,next_start
36,82,445,khatma/445.mp3,133740,149020,next_start
36,83,445,khatma/445.mp3,149020,,
37,1,446,khatma/446.mp3,11980,12940,next_start
37,2,446,khatma/446.mp3,12940,16080,next_start
37,3,446,khatma/446.mp3,16080,19420,next_start
37,4,446,khatma/446.mp3,19420,23260,next_start
37,5,446,khatma/446.mp3,23260,31840,next_start
37,6,446,khatma/446.mp3,31840,39740,next_start
37,7,446,khatma/446.mp3,39740,46100,next_start
37,8,446,khatma/446.mp3,46100,59120,next_start
37,9,446,khatma/446.mp3,59120,65440,next_start
37,10,446,khatma/446.mp3,65440,73480,next_start
37,11,446,khatma/446.mp3,73480,87680,next_start
37,12,446,khatma/446.mp3,87680,91960,next_start
37,13,446,khatma/446.mp3,91960,97160,next_start
37,14,446,khatma/446.mp3,97160,103620,next_start
37,15,446,khatma/446.mp3,103620,112780,next_start
37,16,446,khatma/446.mp3,112780,125280,next_start
37,17,446,khatma/446.mp3,125280,127380,next_start
37,18,446,khatma/446.mp3,127380,133020,next_start
37,19,446,khatma/446.mp3,133020,143340,next_start
37,20,446,khatma/446.mp3,143340,149760,next_start
37,21,446,khatma/446.mp3,149760,161800,next_start
37,22,446,khatma/446.mp3,161800,169960,next_start
37,23,446,khatma/446.mp3,169960,181220,next_start
37,24,446,khatma/446.mp3,181220,,
37,25,447,khatma/447.mp3,980,5100,next_start
37,26,447,khatma/447.mp3,5100,10140,next_start
37,27,447,khatma/447.mp3,10140,18940,next_start
37,28,447,khatma/447.mp3,18940,26660,next_start
37,29,447,khatma/447.mp3,26660,32980,next_start
37,30,447,khatma/447.mp3,32980,45040,next_start
37,31,447,khatma/447.mp3,45040,59920,next_start
37,32,447,khatma/447.mp3,59920,63360,next_start
37,33,447,khatma/447.mp3,63360,79540,next_start
37,34,447,khatma/447.mp3,79540,85460,next_start
37,35,447,khatma/447.mp3,85460,102300,next_start
37,36,447,khatma/447.mp3,102300,113080,next_start
37,37,447,khatma/447.mp3,113080,119740,next_start
37,38,447,khatma/447.mp3,119740,126600,next_start
37,39,447,khatma/447.mp3,126600,134180,next_start
37,40,447,khatma/447.mp3,134180,140340,next_start
37,41,447,khatma/447.mp3,140340,160180,next_start
37,42,447,khatma/447.mp3,160180,165080,next_start
37,43,447,khatma/447.mp3,165080,169860,next_start
37,44,447,khatma/447.mp3,169860,175380,next_start
37,45,447,khatma/447.mp3,175380,182300,next_start
37,46,447,khatma/447.mp3,182300,188740,next_start
37,47,447,khatma/447.mp3,188740,197880,next_start
37,48,447,khatma/447.mp3,197880,207520,next_start
37,49,447,khatma/447.mp3,207520,210180,next_start
37,50,447,khatma/447.mp3,210180,218840,next_start
37,51,447,khatma/447.mp3,218840,,
37,52,448,khatma/448.mp3,900,7440,next_start
37,53,448,khatma/448.mp3,7440,16600,next_start
37,54,448,khatma/448.mp3,16600,23860,next_start
37,55,448,khatma/448.mp3,23860,30240,next_start
37,56,448,khatma/448.mp3,30240,35120,next_start
37,57,448,khatma/448.mp3,35120,42660,next_start
37,58,448,khatma/448.mp3,42660,46800,next_start
37,59,448,khatma/448.mp3,46800,58880,next_start
37,60,448,khatma/448.mp3,58880,68020,next_start
37,61,448,khatma/448.mp3,68020,70500,next_start
37,62,448,khatma/448.mp3,70500,77900,next_start
37,63,448,khatma/448.mp3,77900,84860,next_start
37,64,448,khatma/448.mp3,84860,92940,next_start
37,65,448,khatma/448.mp3,92940,99500,next_start
37,66,448,khatma/448.mp3,99500,108160,next_start
37,67,448,khatma/448.mp3,108160,116560,next_start
37,68,448,khatma/448.mp3,116560,122820,next_start
37,69,448,khatma/448.mp3,122820,132900,next_start
37,70,448,khatma/448.mp3,132900,138960,next_start
37,71,448,khatma/448.mp3,138960,144940,next_start
37,72,448,khatma/448.mp3,144940,151920,next_start
37,73,448,khatma/448.mp3,151920,159900,next_start
37,74,448,khatma/448.mp3,159900,165740,next_start
37,75,448,khatma/448.mp3,165740,175980,next_start
37,76,448,khatma/448.mp3,175980,,
37,103,450,khatma/450.mp3,260,8980,next_start
37,104,450,khatma/450.mp3,8980,16660,next_start
37,105,450,khatma/450.mp3,16660,29660,next_start
37,106,450,khatma/450.mp3,29660,36040,next_start
37,107,450,khatma/450.mp3,36040,40580,next_start
37,108,450,khatma/450.mp3,40580,45980,next_start
37,109,450,khatma/450.mp3,45980,52320,next_start
37,110,450,khatma/450.mp3,52320,57540,next_start
37,111,450,khatma/450.mp3,57540,61960,next_start
37,112,450,khatma/450.mp3,61960,69360,next_start
37,113,450,khatma/450.mp3,69360,86300,next_start
37,114,450,khatma/450.mp3,86300,93080,next_start
37,115,450,khatma/450.mp3,93080,99900,next_start
37,116,450,khatma/450.mp3,99900,114660,next_start
37,117,450,khatma/450.mp3,114660,125680,next_start
37,118,450,khatma/450.mp3,125680,129520,next_start
37,119,450,khatma/450.mp3,129520,135020,next_start
37,120,450,khatma/450.mp3,135020,143300,next_start
37,121,450,khatma/450.mp3,143300,145800,next_start
37,122,450,khatma/450.mp3,145800,151960,next_start
37,123,450,khatma/450.mp3,151960,157720,next_start
37,124,450,khatma/450.mp3,157720,164000,next_start
37,125,450,khatma/450.mp3,164000,172000,next_start
37,126,450,khatma/450.mp3,172000,,
37,127,451,khatma/451.mp3,1940,6840,next_start
37,128,451,khatma/451.mp3,6840,22660,next_start
37,129,451,khatma/451.mp3,22660,27840,next_start
37,130,451,khatma/451.mp3,27840,35120,next_start
37,131,451,khatma/451.mp3,35120,40460,next_start
37,132,451,khatma/451.mp3,40460,48180,next_start
37,133,451,khatma/451.mp3,48180,50720,next_start
37,134,451,khatma/451.mp3,50720,56560,next_start
37,135,451,khatma/451.mp3,56560,61480,next_start
37,136,451,khatma/451.mp3,61480,66560,next_start
37,137,451,khatma/451.mp3,66560,77120,next_start
37,138,451,khatma/451.mp3,77120,80160,next_start
37,139,451,khatma/451.mp3,80160,85120,next_start
37,140,451,khatma/451.mp3,85120,90500,next_start
37,141,451,khatma/451.mp3,90500,96460,next_start
37,142,451,khatma/451.mp3,96460,101540,next_start
37,143,451,khatma/451.mp3,101540,115640,next_start
37,144,451,khatma/451.mp3,115640,122580,next_start
37,145,451,khatma/451.mp3,122580,130000,next_start
37,146,451,khatma/451.mp3,130000,137260,next_start
37,147,451,khatma/451.mp3,137260,144760,next_start
37,148,451,khatma/451.mp3,144760,153480,next_start
37,149,451,khatma/451.mp3,153480,160340,next_start
37,150,451,khatma/451.mp3,160340,168840,next_start
37,151,451,khatma/451.mp3,168840,177720,next_start
37,152,451,khatma/451.mp3,177720,186080,next_start
37,153,451,khatma/451.mp3,186080,,
37,154,452,khatma/452.mp3,400,4200,next_start
37,155,452,khatma/452.mp3,4200,7460,next_start
37,156,452,khatma/452.mp3,7460,12180,next_start
37,157,452,khatma/452.mp3,12180,20940,next_start
37,158,452,khatma/452.mp3,20940,35280,next_start
37,159,452,khatma/452.mp3,35280,41520,next_start
37,160,452,khatma/452.mp3,41520,46940,next_start
37,161,452,khatma/452.mp3,46940,51560,next_start
37,162,452,khatma/452.mp3,51560,57760,next_start
37,163,452,khatma/452.mp3,57760,62660,next_start
37,164,452,khatma/452.mp3,62660,72500,next_start
37,165,452,khatma/452.mp3,72500,80180,next_start
37,166,452,khatma/452.mp3,80180,86000,next_start
37,167,452,khatma/452.mp3,86000,90480,next_start
37,168,452,khatma/452.mp3,90480,97580,next_start
37,169,452,khatma/452.mp3,97580,103300,next_start
37,170,452,khatma/452.mp3,103300,108460,next_start
37,171,452,khatma/452.mp3,108460,115320,next_start
37,172,452,khatma/452.mp3,115320,120440,next_start
37,173,452,khatma/452.mp3,120440,134120,next_start
37,174,452,khatma/452.mp3,134120,138240,next_start
37,175,452,khatma/452.mp3,138240,144980,next_start
37,176,452,khatma/452.mp3,144980,152100,next_start
37,177,452,khatma/452.mp3,152100,163360,next_start
37,178,452,khatma/452.mp3,163360,173940,next_start
37,179,452,khatma/452.mp3,173940,177140,next_start
37,180,452,khatma/452.mp3,177140,185600,next_start
37,181,452,khatma/452.mp3,185600,191380,next_start
37,182,452,khatma/452.mp3,191380,,
38,1,453,khatma/453.mp3,14580,16200,next_start
38,2,453,khatma/453.mp3,16200,23880,next_start
38,3,453,khatma/453.mp3,23880,34400,next_start
38,4,453,khatma/453.mp3,34400,51780,next_start
38,5,453,khatma/453.mp3,51780,62280,next_start
38,6,453,khatma/453.mp3,62280,77540,next_start
38,7,453,khatma/453.mp3,77540,89340,next_start
38,8,453,khatma/453.mp3,89340,104640,next_start
38,9,453,khatma/453.mp3,104640,113680,next_start
38,10,453,khatma/453.mp3,113680,125840,next_start
38,11,453,khatma/453.mp3,125840,134620,next_start
38,12,453,khatma/453.mp3,134620,144500,next_start
38,13,453,khatma/453.mp3,144500,155280,next_start
38,14,453,khatma/453.mp3,155280,162820,next_start
38,15,453,khatma/453.mp3,162820,175860,next_start
38,16,453,khatma/453.mp3,175860,,
38,17,454,khatma/454.mp3,720,14880,next_start
38,18,454,khatma/454.mp3,14880,26000,next_start
38,19,454,khatma/454.mp3,26000,33860,next_start
38,20,454,khatma/454.mp3,33860,43720,next_start
38,21,454,khatma/454.mp3,43720,50660,next_start
38,22,454,khatma/454.mp3,50660,79980,next_start
38,23,454,khatma/454.mp3,79980,98120,next_start
38,24,454,khatma/454.mp3,98120,137600,next_start
38,25,454,khatma/454.mp3,137600,150220,next_start
38,26,454,khatma/454.mp3,150220,,
38,27,455,khatma/455.mp3,0,19100,next_start
38,28,455,khatma/455.mp3,19100,32920,next_start
38,29,455,khatma/455.mp3,32920,54360,next_start
38,30,455,khatma/455.mp3,54360,63500,next_start
38,31,455,khatma/455.mp3,63500,70120,next_start
38,32,455,khatma/455.mp3,70120,83840,next_start
38,33,455,khatma/455.mp3,83840,90320,next_start
38,34,455,khatma/455.mp3,90320,102180,next_start
38,35,455,khatma/455.mp3,102180,124920,next_start
38,36,455,khatma/455.mp3,124920,134440,next_start
38,37,455,khatma/455.mp3,134440,144040,next_start
38,38,455,khatma/455.mp3,144040,147860,next_start
38,39,455,khatma/455.mp3,147860,157460,next_start
38,40,455,khatma/455.mp3,157460,164680,next_start
38,41,455,khatma/455.mp3,164680,181120,next_start
38,42,455,khatma/455.mp3,181120,,
38,43,456,khatma/456.mp3,660,16600,next_start
38,44,456,khatma/456.mp3,16600,38460,next_start
38,45,456,khatma/456.mp3,38460,49760,next_start
38,46,456,khatma/456.mp3,49760,60820,next_start
38,47,456,khatma/456.mp3,60820,68260,next_start
38,48,456,khatma/456.mp3,68260,79240,next_start
38,49,456,khatma/456.mp3,79240,87140,next_start
38,50,456,khatma/456.mp3,87140,94680,next_start
38,51,456,khatma/456.mp3,94680,105900,next_start
38,52,456,khatma/456.mp3,105900,112200,next_start
38,53,456,khatma/456.mp3,112200,119180,next_start
38,54,456,khatma/456.mp3,119180,126280,next_start
38,55,456,khatma/456.mp3,126280,135620,next_start
38,56,456,khatma/456.mp3,135620,141240,next_start
38,57,456,khatma/456.mp3,141240,150000,next_start
38,58,456,khatma/456.mp3,150000,155940,next_start
38,59,456,khatma/456.mp3,155940,171740,next_start
38,60,456,khatma/456.mp3,171740,186680,next_start
38,61,456,khatma/456.mp3,186680,,
38,62,457,khatma/457.mp3,0,11940,next_start
38,63,457,khatma/457.mp3,11940,29560,next_start
38,64,457,khatma/457.mp3,29560,37760,next_start
38,65,457,khatma/457.mp3,37760,50240,next_start
38,66,457,khatma/457.mp3,50240,58920,next_start
38,67,457,khatma/457.mp3,58920,62840,next_start
38,68,457,khatma/457.mp3,62840,68300,next_start
38,69,457,khatma/457.mp3,68300,77900,next_start
38,70,457,khatma/457.mp3,77900,88200,next_start
38,71,457,khatma/457.mp3,88200,98500,next_start
38,72,457,khatma/457.mp3,98500,107820,next_start
38,73,457,khatma/457.mp3,107820,115160,next_start
38,74,457,khatma/457.mp3,115160,122220,next_start
38,75,457,khatma/457.mp3,122220,136580,next_start
38,76,457,khatma/457.mp3,136580,146600,next_start
38,77,457,khatma/457.mp3,146600,152580,next_start
38,78,457,khatma/457.mp3,152580,160040,next_start
38,79,457,khatma/457.mp3,160040,167560,next_start
38,80,457,khatma/457.mp3,167560,173160,next_start
38,81,457,khatma/457.mp3,173160,177480,next_start
38,82,457,khatma/457.mp3,177480,184900,next_start
38,83,457,khatma/457.mp3,184900,,
38,84,458,khatma/458.mp3,0,820,next_start
38,85,458,khatma/458.mp3,820,2260,next_start
38,86,458,khatma/458.mp3,2260,5480,next_start
38,87,458,khatma/458.mp3,5480,7090,next_start
38,88,458,khatma/458.mp3,7090,8380,next_start
39,1,458,khatma/458.mp3,8380,14220,next_start
39,2,458,khatma/458.mp3,14220,25900,next_start
39,3,458,khatma/458.mp3,25900,59500,next_start
39,4,458,khatma/458.mp3,59500,80780,next_start
39,5,458,khatma/458.mp3,80780,,
39,6,459,khatma/459.mp3,1440,50020,next_start
39,7,459,khatma/459.mp3,50020,87260,next_start
39,8,459,khatma/459.mp3,87260,128060,next_start
39,9,459,khatma/459.mp3,128060,155300,next_start
39,10,459,khatma/459.mp3,155300,,
39,11,460,khatma/460.mp3,720,9040,next_start
39,12,460,khatma/460.mp3,9040,14600,next_start
39,13,460,khatma/460.mp3,14600,23500,next_start
39,14,460,khatma/460.mp3,23500,29480,next_start
39,15,460,khatma/460.mp3,29480,49540,next_start
39,16,460,khatma/460.mp3,49540,69260,next_start
39,17,460,khatma/460.mp3,69260,84720,next_start
39,18,460,khatma/460.mp3,84720,101600,next_start
39,19,460,khatma/460.mp3,101600,113420,next_start
39,20,460,khatma/460.mp3,113420,136480,next_start
39,21,460,khatma/460.mp3,136480,,
39,32,462,khatma/462.mp3,280,16360,next_start
39,33,462,khatma/462.mp3,16360,26140,next_start
39,34,462,khatma/462.mp3,26140,37660,next_start
39,35,462,khatma/462.mp3,37660,51620,next_start
39,36,462,khatma/462.mp3,51620,67700,next_start
39,37,462,khatma/462.mp3,67700,81560,next_start
39,38,462,khatma/462.mp3,81560,126040,next_start
39,39,462,khatma/462.mp3,126040,136480,next_start
39,40,462,khatma/462.mp3,136480,,
39,41,463,khatma/463.mp3,980,21020,next_start
39,42,463,khatma/463.mp3,21020,50280,next_start
39,43,463,khatma/463.mp3,50280,64660,next_start
39,44,463,khatma/463.mp3,64660,78100,next_start
39,45,463,khatma/463.mp3,78100,96060,next_start
39,46,463,khatma/463.mp3,96060,113160,next_start
39,47,463,khatma/463.mp3,113160,,
39,48,464,khatma/464.mp3,1700,12400,next_start
39,49,464,khatma/464.mp3,12400,42660,next_start
39,50,464,khatma/464.mp3,42660,58540,next_start
39,51,464,khatma/464.mp3,58540,81080,next_start
39,52,464,khatma/464.mp3,81080,101960,next_start
39,53,464,khatma/464.mp3,101960,132720,next_start
39,54,464,khatma/464.mp3,132720,150320,next_start
39,55,464,khatma/464.mp3,150320,180320,next_start
39,56,464,khatma/464.mp3,180320,,
39,57,465,khatma/465.mp3,720,9020,next_start
39,58,465,khatma/465.mp3,9020,20040,next_start
39,59,465,khatma/465.mp3,20040,31420,next_start
39,60,465,khatma/465.mp3,31420,48440,next_start
39,61,465,khatma/465.mp3,48440,65520,next_start
39,62,465,khatma/465.mp3,65520,75540,next_start
39,63,465,khatma/465.mp3,75540,88780,next_start
39,64,465,khatma/465.mp3,88780,100120,next_start
39,65,465,khatma/465.mp3,100120,114820,next_start
39,66,465,khatma/465.mp3,114820,121660,next_start
39,67,465,khatma/465.mp3,121660,,
39,68,466,khatma/466.mp3,0,22480,next_start
39,69,466,khatma/466.mp3,22480,44820,next_start
39,70,466,khatma/466.mp3,44820,53600,next_start
39,71,466,khatma/466.mp3,53600,100960,next_start
39,72,466,khatma/466.mp3,100960,112460,next_start
39,73,466,khatma/466.mp3,112460,155800,next_start
39,74,466,khatma/466.mp3,155800,,
39,75,467,khatma/467.mp3,0,7290,next_start
40,1,467,khatma/467.mp3,7290,7720,next_start
40,2,467,khatma/467.mp3,7720,15080,next_start
40,3,467,khatma/467.mp3,15080,31260,next_start
40,4,467,khatma/467.mp3,31260,43980,next_start
40,5,467,khatma/467.mp3,43980,69780,next_start
40,6,467,khatma/467.mp3,69780,81620,next_start
40,7,467,khatma/467.mp3,81620,,
40,8,468,khatma/468.mp3,40,21760,next_start
40,9,468,khatma/468.mp3,21760,37840,next_start
40,10,468,khatma/468.mp3,37840,52900,next_start
40,11,468,khatma/468.mp3,52900,74820,next_start
40,12,468,khatma/468.mp3,74820,91100,next_start
40,13,468,khatma/468.mp3,91100,115600,next_start
40,14,468,khatma/468.mp3,115600,126200,next_start
40,15,468,khatma/468.mp3,126200,146700,next_start
40,16,468,khatma/468.mp3,146700,,
40,26,470,khatma/470.mp3,780,17880,next_start
40,27,470,khatma/470.mp3,17880,31700,next_start
40,28,470,khatma/470.mp3,31700,72360,next_start
40,29,470,khatma/470.mp3,72360,112380,next_start
40,30,470,khatma/470.mp3,112380,122140,next_start
40,31,470,khatma/470.mp3,122140,138400,next_start
40,32,470,khatma/470.mp3,138400,144860,next_start
40,33,470,khatma/470.mp3,144860,,
40,34,471,khatma/471.mp3,740,29360,next_start
40,35,471,khatma/471.mp3,29360,53820,next_start
40,36,471,khatma/471.mp3,53820,64480,next_start
40,37,471,khatma/471.mp3,64480,91900,next_start
40,38,471,khatma/471.mp3,91900,102280,next_start
40,39,471,khatma/471.mp3,102280,115520,next_start
40,40,471,khatma/471.mp3,115520,,
40,41,472,khatma/472.mp3,3300,16520,next_start
40,42,472,khatma/472.mp3,16520,33740,next_start
40,43,472,khatma/472.mp3,33740,58140,next_start
40,44,472,khatma/472.mp3,58140,79980,next_start
40,45,472,khatma/472.mp3,79980,92160,next_start
40,46,472,khatma/472.mp3,92160,107200,next_start
40,47,472,khatma/472.mp3,107200,132100,next_start
40,48,472,khatma/472.mp3,132100,148640,next_start
40,49,472,khatma/472.mp3,148640,,
40,50,473,khatma/473.mp3,620,18360,next_start
40,51,473,khatma/473.mp3,18360,29580,next_start
40,52,473,khatma/473.mp3,29580,44380,next_start
40,53,473,khatma/473.mp3,44380,53700,next_start
40,54,473,khatma/473.mp3,53700,59140,next_start
40,55,473,khatma/473.mp3,59140,71500,next_start
40,56,473,khatma/473.mp3,71500,103300,next_start
40,57,473,khatma/473.mp3,103300,117460,next_start
40,58,473,khatma/473.mp3,117460,,
40,59,474,khatma/474.mp3,0,11840,next_start
40,60,474,khatma/474.mp3,11840,27820,next_start
40,61,474,khatma/474.mp3,27820,49100,next_start
40,62,474,khatma/474.mp3,49100,61140,next_start
40,63,474,khatma/474.mp3,61140,69480,next_start
40,64,474,khatma/474.mp3,69480,97400,next_start
40,65,474,khatma/474.mp3,97400,121300,next_start
40,66,474,khatma/474.mp3,121300,,
40,67,475,khatma/475.mp3,0,36120,next_start
40,68,475,khatma/475.mp3,36120,52500,next_start
40,69,475,khatma/475.mp3,52500,63180,next_start
40,70,475,khatma/475.mp3,63180,74540,next_start
40,71,475,khatma/475.mp3,74540,81540,next_start
40,72,475,khatma/475.mp3,81540,88320,next_start
40,73,475,khatma/475.mp3,88320,94880,next_start
40,74,475,khatma/475.mp3,94880,112320,next_start
40,75,475,khatma/475.mp3,112320,125860,next_start
40,76,475,khatma/475.mp3,125860,135660,next_start
40,77,475,khatma/475.mp3,135660,,
40,78,476,khatma/476.mp3,0,31120,next_start
40,79,476,khatma/476.mp3,31120,41220,next_start
40,80,476,khatma/476.mp3,41220,54980,next_start
40,81,476,khatma/476.mp3,54980,65400,next_start
40,82,476,khatma/476.mp3,65400,88360,next_start
40,83,476,khatma/476.mp3,88360,106500,next_start
40,84,476,khatma/476.mp3,106500,120880,next_start
40,85,476,khatma/476.mp3,120880,,
41,1,477,khatma/477.mp3,0,13220,next_start
41,2,477,khatma/477.mp3,13220,18940,next_start
41,3,477,khatma/477.mp3,18940,29020,next_start
41,4,477,khatma/477.mp3,29020,39220,next_start
41,5,477,khatma/477.mp3,39220,64380,next_start
41,6,477,khatma/477.mp3,64380,98640,next_start
41,7,477,khatma/477.mp3,98640,109760,next_start
41,8,477,khatma/477.mp3,109760,119680,next_start
41,9,477,khatma/477.mp3,119680,137240,next_start
41,10,477,khatma/477.mp3,137240,162600,next_start
41,11,477,khatma/477.mp3,162600,,
41,12,478,khatma/478.mp3,2280,25840,next_start
41,13,478,khatma/478.mp3,25840,38120,next_start
41,14,478,khatma/478.mp3,38120,74080,next_start
41,15,478,khatma/478.mp3,74080,100500,next_start
41,16,478,khatma/478.mp3,100500,124580,next_start
41,17,478,khatma/478.mp3,124580,144620,next_start
41,18,478,khatma/478.mp3,144620,152060,next_start
41,19,478,khatma/478.mp3,152060,164820,next_start
41,20,478,khatma/478.mp3,164820,,
41,21,479,khatma/479.mp3,0,28940,next_start
41,22,479,khatma/479.mp3,28940,56560,next_start
41,23,479,khatma/479.mp3,56560,70820,next_start
41,24,479,khatma/479.mp3,70820,85280,next_start
41,25,479,khatma/479.mp3,85280,129480,next_start
41,26,479,khatma/479.mp3,129480,144420,next_start
41,27,479,khatma/479.mp3,144420,156900,next_start
41,28,479,khatma/479.mp3,156900,176620,next_start
41,29,479,khatma/479.mp3,176620,,
41,30,480,khatma/480.mp3,600,28060,next_start
41,31,480,khatma/480.mp3,28060,47080,next_start
41,32,480,khatma/480.mp3,47080,50460,next_start
41,33,480,khatma/480.mp3,50460,69560,next_start
41,34,480,khatma/480.mp3,69560,87740,next_start
41,35,480,khatma/480.mp3,87740,103160,next_start
41,36,480,khatma/480.mp3,103160,121400,next_start
41,37,480,khatma/480.mp3,121400,159620,next_start
41,38,480,khatma/480.mp3,159620,,
41,47,482,khatma/482.mp3,0,30680,next_start
41,48,482,khatma/482.mp3,30680,45760,next_start
41,49,482,khatma/482.mp3,45760,62240,next_start
41,50,482,khatma/482.mp3,62240,104940,next_start
41,51,482,khatma/482.mp3,104940,121420,next_start
41,52,482,khatma/482.mp3,121420,148540,next_start
41,53,482,khatma/482.mp3,148540,179980,next_start
41,54,482,khatma/482.mp3,179980,,
42,1,483,khatma/483.mp3,0,10300,next_start
42,2,483,khatma/483.mp3,10300,20600,next_start
42,3,483,khatma/483.mp3,20600,40200,next_start
42,4,483,khatma/483.mp3,40200,49900,next_start
42,5,483,khatma/483.mp3,49900,85440,next_start
42,6,483,khatma/483.mp3,85440,103120,next_start
42,7,483,khatma/483.mp3,103120,141260,next_start
42,8,483,khatma/483.mp3,141260,165040,next_start
42,9,483,khatma/483.mp3,165040,188580,next_start
42,10,483,khatma/483.mp3,188580,,
42,11,484,khatma/484.mp3,0,23960,next_start
42,12,484,khatma/484.mp3,23960,40080,next_start
42,13,484,khatma/484.mp3,40080,93480,next_start
42,14,484,khatma/484.mp3,93480,127660,next_start
42,15,484,khatma/484.mp3,127660,,
42,16,485,khatma/485.mp3,0,21540,next_start
42,17,485,khatma/485.mp3,21540,41060,next_start
42,18,485,khatma/485.mp3,41060,66540,next_start
42,19,485,khatma/485.mp3,66540,86340,next_start
42,20,485,khatma/485.mp3,86340,107940,next_start
42,21,485,khatma/485.mp3,107940,132580,next_start
42,22,485,khatma/485.mp3,132580,,
42,23,486,khatma/486.mp3,0,32320,next_start
42,24,486,khatma/486.mp3,32320,57340,next_start
42,25,486,khatma/486.mp3,57340,69620,next_start
42,26,486,khatma/486.mp3,69620,86140,next_start
42,27,486,khatma/486.mp3,86140,116140,next_start
42,28,486,khatma/486.mp3,116140,131920,next_start
42,29,486,khatma/486.mp3,131920,176660,next_start
42,30,486,khatma/486.mp3,176660,195600,next_start
42,31,486,khatma/486.mp3,195600,,
42,32,487,khatma/487.mp3,420,7580,next_start
42,33,487,khatma/487.mp3,7580,25300,next_start
42,34,487,khatma/487.mp3,25300,33440,next_start
42,35,487,khatma/487.mp3,33440,43860,next_start
42,36,487,khatma/487.mp3,43860,68980,next_start
42,37,487,khatma/487.mp3,68980,81740,next_start
42,38,487,khatma/487.mp3,81740,106440,next_start
42,39,487,khatma/487.mp3,106440,117740,next_start
42,40,487,khatma/487.mp3,117740,138100,next_start
42,41,487,khatma/487.mp3,138100,147040,next_start
42,42,487,khatma/487.mp3,147040,176780,next_start
42,43,487,khatma/487.mp3,176780,185980,next_start
42,44,487,khatma/487.mp3,185980,,
42,45,488,khatma/488.mp3,2380,39940,next_start
42,46,488,khatma/488.mp3,39940,58560,next_start
42,47,488,khatma/488.mp3,58560,82300,next_start
42,48,488,khatma/488.mp3,82300,120190,next_start
42,49,488,khatma/488.mp3,120190,141240,next_start
42,50,488,khatma/488.mp3,141240,159640,next_start
42,51,488,khatma/488.mp3,159640,,
43,11,490,khatma/490.mp3,2380,17780,next_start
43,12,490,khatma/490.mp3,17780,31340,next_start
43,13,490,khatma/490.mp3,31340,52740,next_start
43,14,490,khatma/490.mp3,52740,60360,next_start
43,15,490,khatma/490.mp3,60360,71480,next_start
43,16,490,khatma/490.mp3,71480,80040,next_start
43,17,490,khatma/490.mp3,80040,101000,next_start
43,18,490,khatma/490.mp3,101000,107660,next_start
43,19,490,khatma/490.mp3,107660,122160,next_start
43,20,490,khatma/490.mp3,122160,137480,next_start
43,21,490,khatma/490.mp3,137480,147160,next_start
43,22,490,khatma/490.mp3,147160,,
43,23,491,khatma/491.mp3,0,32700,next_start
43,24,491,khatma/491.mp3,32700,54240,next_start
43,25,491,khatma/491.mp3,54240,63280,next_start
43,26,491,khatma/491.mp3,63280,76160,next_start
43,27,491,khatma/491.mp3,76160,83480,next_start
43,28,491,khatma/491.mp3,83480,92820,next_start
43,29,491,khatma/491.mp3,92820,106240,next_start
43,30,491,khatma/491.mp3,106240,118220,next_start
43,31,491,khatma/491.mp3,118220,130880,next_start
43,32,491,khatma/491.mp3,130880,159160,next_start
43,33,491,khatma/491.mp3,159160,,
43,34,492,khatma/492.mp3,2500,9620,next_start
43,35,492,khatma/492.mp3,9620,25720,next_start
43,36,492,khatma/492.mp3,25720,41160,next_start
43,37,492,khatma/492.mp3,41160,51860,next_start
43,38,492,khatma/492.mp3,51860,73360,next_start
43,39,492,khatma/492.mp3,73360,83840,next_start
43,40,492,khatma/492.mp3,83840,95340,next_start
43,41,492,khatma/492.mp3,95340,105580,next_start
43,42,492,khatma/492.mp3,105580,116340,next_start
43,43,492,khatma/492.mp3,116340,142140,next_start
43,44,492,khatma/492.mp3,142140,151400,next_start
43,45,492,khatma/492.mp3,151400,180000,next_start
43,46,492,khatma/492.mp3,180000,193560,next_start
43,47,492,khatma/492.mp3,193560,,
43,48,493,khatma/493.mp3,0,15040,next_start
43,49,493,khatma/493.mp3,15040,28020,next_start
43,50,493,khatma/493.mp3,28020,39120,next_start
43,51,493,khatma/493.mp3,39120,55020,next_start
43,52,493,khatma/493.mp3,55020,75040,next_start
43,53,493,khatma/493.mp3,75040,86520,next_start
43,54,493,khatma/493.mp3,86520,98860,next_start
43,55,493,khatma/493.mp3,98860,114500,next_start
43,56,493,khatma/493.mp3,114500,118800,next_start
43,57,493,khatma/493.mp3,118800,128960,next_start
43,58,493,khatma/493.mp3,128960,145200,next_start
43,59,493,khatma/493.mp3,145200,156960,next_start
43,60,493,khatma/493.mp3,156960,,
43,61,494,khatma/494.mp3,1140,15940,next_start
43,62,494,khatma/494.mp3,15940,27960,next_start
43,63,494,khatma/494.mp3,27960,47800,next_start
43,64,494,khatma/494.mp3,47800,60560,next_start
43,65,494,khatma/494.mp3,60560,72520,next_start
43,66,494,khatma/494.mp3,72520,85480,next_start
43,67,494,khatma/494.mp3,85480,97340,next_start
43,68,494,khatma/494.mp3,97340,105800,next_start
43,69,494,khatma/494.mp3,105800,114280,next_start
43,70,494,khatma/494.mp3,114280,121980,next_start
43,71,494,khatma/494.mp3,121980,143940,next_start
43,72,494,khatma/494.mp3,143940,156240,next_start
43,73,494,khatma/494.mp3,156240,,
43,74,495,khatma/495.mp3,240,7760,next_start
43,75,495,khatma/495.mp3,7760,14240,next_start
43,76,495,khatma/495.mp3,14240,44620,next_start
43,77,495,khatma/495.mp3,44620,68100,next_start
43,78,495,khatma/495.mp3,68100,77720,next_start
43,79,495,khatma/495.mp3,77720,86000,next_start
43,80,495,khatma/495.mp3,86000,114600,next_start
43,81,495,khatma/495.mp3,114600,133780,next_start
43,82,495,khatma/495.mp3,133780,149140,next_start
43,83,495,khatma/495.mp3,149140,163780,next_start
43,84,495,khatma/495.mp3,163780,192640,next_start
43,85,495,khatma/495.mp3,192640,212840,next_start
43,86,495,khatma/495.mp3,212840,246500,next_start
43,87,495,khatma/495.mp3,246500,264540,next_start
43,88,495,khatma/495.mp3,264540,303640,next_start
43,89,495,khatma/495.mp3,303640,,
44,1,496,khatma/496.mp3,0,15000,next_start
44,2,496,khatma/496.mp3,15000,18580,next_start
44,3,496,khatma/496.mp3,18580,32460,next_start
44,4,496,khatma/496.mp3,32460,45460,next_start
44,5,496,khatma/496.mp3,45460,54160,next_start
44,6,496,khatma/496.mp3,54160,62840,next_start
44,7,496,khatma/496.mp3,62840,75600,next_start
44,8,496,khatma/496.mp3,75600,97200,next_start
44,9,496,khatma/496.mp3,97200,102560,next_start
44,10,496,khatma/496.mp3,102560,111320,next_start
44,11,496,khatma/496.mp3,111320,121280,next_start
44,12,496,khatma/496.mp3,121280,127920,next_start
44,13,496,khatma/496.mp3,127920,136960,next_start
44,14,496,khatma/496.mp3,136960,145240,next_start
44,15,496,khatma/496.mp3,145240,154780,next_start
44,16,496,khatma/496.mp3,154780,164840,next_start
44,17,496,khatma/496.mp3,164840,175480,next_start
44,18,496,khatma/496.mp3,175480,,
44,19,497,khatma/497.mp3,0,12040,next_start
44,20,497,khatma/497.mp3,12040,20060,next_start
44,21,497,khatma/497.mp3,20060,26680,next_start
44,22,497,khatma/497.mp3,26680,39080,next_start
44,23,497,khatma/497.mp3,39080,44180,next_start
44,24,497,khatma/497.mp3,44180,52920,next_start
44,25,497,khatma/497.mp3,52920,59940,next_start
44,26,497,khatma/497.mp3,59940,65840,next_start
44,27,497,khatma/497.mp3,65840,71640,next_start
44,28,497,khatma/497.mp3,71640,77940,next_start
44,29,497,khatma/497.mp3,77940,89140,next_start
44,30,497,khatma/497.mp3,89140,99340,next_start
44,31,497,khatma/497.mp3,99340,108060,next_start
44,32,497,khatma/497.mp3,108060,117060,next_start
44,33,497,khatma/497.mp3,117060,125400,next_start
44,34,497,khatma/497.mp3,125400,134640,next_start
44,35,497,khatma/497.mp3,134640,142160,next_start
44,36,497,khatma/497.mp3,142160,152080,next_start
44,37,497,khatma/497.mp3,152080,167060,next_start
44,38,497,khatma/497.mp3,167060,175880,next_start
44,39,497,khatma/497.mp3,175880,,
44,40,498,khatma/498.mp3,0,6060,next_start
44,41,498,khatma/498.mp3,6060,16840,next_start
44,42,498,khatma/498.mp3,16840,27280,next_start
44,43,498,khatma/498.mp3,27280,32840,next_start
44,44,498,khatma/498.mp3,32840,36920,next_start
44,45,498,khatma/498.mp3,36920,39940,next_start
44,46,498,khatma/498.mp3,39940,42720,next_start
44,47,498,khatma/498.mp3,42720,54880,next_start
44,48,498,khatma/498.mp3,54880,62840,next_start
44,49,498,khatma/498.mp3,62840,69200,next_start
44,50,498,khatma/498.mp3,69200,76920,next_start
44,51,498,khatma/498.mp3,76920,83340,next_start
44,52,498,khatma/498.mp3,83340,94880,next_start
44,53,498,khatma/498.mp3,94880,103900,next_start
44,54,498,khatma/498.mp3,103900,110780,next_start
44,55,498,khatma/498.mp3,110780,118320,next_start
44,56,498,khatma/498.mp3,118320,129780,next_start
44,57,498,khatma/498.mp3,129780,137200,next_start
44,58,498,khatma/498.mp3,137200,149440,next_start
44,59,498,khatma/498.mp3,149440,,
45,1,499,khatma/499.mp3,0,11640,next_start
45,2,499,khatma/499.mp3,11640,18600,next_start
45,3,499,khatma/499.mp3,18600,25880,next_start
45,4,499,khatma/499.mp3,25880,58640,next_start
45,5,499,khatma/499.mp3,58640,81480,next_start
45,6,499,khatma/499.mp3,81480,96220,next_start
45,7,499,khatma/499.mp3,96220,100900,next_start
45,8,499,khatma/499.mp3,100900,116680,next_start
45,9,499,khatma/499.mp3,116680,130480,next_start
45,10,499,khatma/499.mp3,130480,151760,next_start
45,11,499,khatma/499.mp3,151760,163560,next_start
45,12,499,khatma/499.mp3,163560,177660,next_start
45,13,499,khatma/499.mp3,177660,,
45,14,500,khatma/500.mp3,0,13260,next_start
45,15,500,khatma/500.mp3,13260,26740,next_start
45,16,500,khatma/500.mp3,26740,47120,next_start
45,17,500,khatma/500.mp3,47120,70160,next_start
45,18,500,khatma/500.mp3,70160,85920,next_start
45,19,500,khatma/500.mp3,85920,104640,next_start
45,20,500,khatma/500.mp3,104640,115280,next_start
45,21,500,khatma/500.mp3,115280,140100,next_start
45,22,500,khatma/500.mp3,140100,,
45,33,502,khatma/502.mp3,1340,11220,next_start
45,34,502,khatma/502.mp3,11220,34240,next_start
45,35,502,khatma/502.mp3,34240,62220,next_start
45,36,502,khatma/502.mp3,62220,72660,next_start
45,37,502,khatma/502.mp3,72660,97800,next_start
46,1,502,khatma/502.mp3,97800,100940,next_start
46,2,502,khatma/502.mp3,100940,108020,next_start
46,3,502,khatma/502.mp3,108020,130260,next_start
46,4,502,khatma/502.mp3,130260,163860,next_start
46,5,502,khatma/502.mp3,163860,,
46,6,503,khatma/503.mp3,0,14220,next_start
46,7,503,khatma/503.mp3,14220,33340,next_start
46,8,503,khatma/503.mp3,33340,61440,next_start
46,9,503,khatma/503.mp3,61440,85220,next_start
46,10,503,khatma/503.mp3,85220,114380,next_start
46,11,503,khatma/503.mp3,114380,137460,next_start
46,12,503,khatma/503.mp3,137460,165560,next_start
46,13,503,khatma/503.mp3,165560,188540,next_start
46,14,503,khatma/503.mp3,188540,,
46,21,505,khatma/505.mp3,4360,55760,next_start
46,22,505,khatma/505.mp3,55760,71640,next_start
46,23,505,khatma/505.mp3,71640,91600,next_start
46,24,505,khatma/505.mp3,91600,123000,next_start
46,25,505,khatma/505.mp3,123000,147680,next_start
46,26,505,khatma/505.mp3,147680,195900,next_start
46,27,505,khatma/505.mp3,195900,215280,next_start
46,28,505,khatma/505.mp3,215280,,
46,29,506,khatma/506.mp3,0,28160,next_start
46,30,506,khatma/506.mp3,28160,56880,next_start
46,31,506,khatma/506.mp3,56880,77540,next_start
46,32,506,khatma/506.mp3,77540,98240,next_start
46,33,506,khatma/506.mp3,98240,124920,next_start
46,34,506,khatma/506.mp3,124920,149440,next_start
46,35,506,khatma/506.mp3,149440,,
47,1,507,khatma/507.mp3,11620,18720,next_start
47,2,507,khatma/507.mp3,18720,49580,next_start
47,3,507,khatma/507.mp3,49580,68360,next_start
47,4,507,khatma/507.mp3,68360,112920,next_start
47,5,507,khatma/507.mp3,112920,117340,next_start
47,6,507,khatma/507.mp3,117340,125500,next_start
47,7,507,khatma/507.mp3,125500,136080,next_start
47,8,507,khatma/507.mp3,136080,142820,next_start
47,9,507,khatma/507.mp3,142820,152480,next_start
47,10,507,khatma/507.mp3,152480,168920,next_start
47,11,507,khatma/507.mp3,168920,,
47,12,508,khatma/508.mp3,0,27640,next_start
47,13,508,khatma/508.mp3,27640,40900,next_start
47,14,508,khatma/508.mp3,40900,56100,next_start
47,15,508,khatma/508.mp3,56100,112720,next_start
47,16,508,khatma/508.mp3,112720,142520,next_start
47,17,508,khatma/508.mp3,142520,148760,next_start
47,18,508,khatma/508.mp3,148760,171400,next_start
47,19,508,khatma/508.mp3,171400,,
47,30,510,khatma/510.mp3,1320,21160,next_start
47,31,510,khatma/510.mp3,21160,30560,next_start
47,32,510,khatma/510.mp3,30560,60080,next_start
47,33,510,khatma/510.mp3,60080,71120,next_start
47,34,510,khatma/510.mp3,71120,84740,next_start
47,35,510,khatma/510.mp3,84740,98660,next_start
47,36,510,khatma/510.mp3,98660,114420,next_start
47,37,510,khatma/510.mp3,114420,128760,next_start
47,38,510,khatma/510.mp3,128760,,
48,1,511,khatma/511.mp3,10440,15600,next_start
48,2,511,khatma/511.mp3,15600,37940,next_start
48,3,511,khatma/511.mp3,37940,42620,next_start
48,4,511,khatma/511.mp3,42620,66320,next_start
48,5,511,khatma/511.mp3,66320,89780,next_start
48,6,511,khatma/511.mp3,89780,126460,next_start
48,7,511,khatma/511.mp3,126460,136980,next_start
48,8,511,khatma/511.mp3,136980,145080,next_start
48,9,511,khatma/511.mp3,145080,,
48,10,512,khatma/512.mp3,0,27680,next_start
48,11,512,khatma/512.mp3,27680,65880,next_start
48,12,512,khatma/512.mp3,65880,97820,next_start
48,13,512,khatma/512.mp3,97820,109000,next_start
48,14,512,khatma/512.mp3,109000,128740,next_start
48,15,512,khatma/512.mp3,128740,,
48,16,513,khatma/513.mp3,1220,32960,next_start
48,17,513,khatma/513.mp3,32960,61020,next_start
48,18,513,khatma/513.mp3,61020,86100,next_start
48,19,513,khatma/513.mp3,86100,96540,next_start
48,20,513,khatma/513.mp3,96540,125540,next_start
48,21,513,khatma/513.mp3,125540,138900,next_start
48,22,513,khatma/513.mp3,138900,152760,next_start
48,23,513,khatma/513.mp3,152760,,
48,24,514,khatma/514.mp3,1420,21380,next_start
48,25,514,khatma/514.mp3,21380,71660,next_start
48,26,514,khatma/514.mp3,71660,105980,next_start
48,27,514,khatma/514.mp3,105980,136520,next_start
48,28,514,khatma/514.mp3,136520,,
48,29,515,khatma/515.mp3,6120,13840,next_start
49,1,515,khatma/515.mp3,13840,28620,next_start
49,2,515,khatma/515.mp3,28620,57240,next_start
49,3,515,khatma/515.mp3,57240,79000,next_start
49,4,515,khatma/515.mp3,79000,,
49,5,516,khatma/516.mp3,0,14520,next_start
49,6,516,khatma/516.mp3,14520,40760,next_start
49,7,516,khatma/516.mp3,40760,78320,next_start
49,8,516,khatma/516.mp3,78320,85800,next_start
49,9,516,khatma/516.mp3,85800,124780,next_start
49,10,516,khatma/516.mp3,124780,144200,next_start
49,11,516,khatma/516.mp3,144200,,
49,12,517,khatma/517.mp3,3320,39740,next_start
49,13,517,khatma/517.mp3,39740,75280,next_start
49,14,517,khatma/517.mp3,75280,108900,next_start
49,15,517,khatma/517.mp3,108900,134540,next_start
49,16,517,khatma/517.mp3,134540,151120,next_start
49,17,517,khatma/517.mp3,151120,195320,next_start
49,18,517,khatma/517.mp3,195320,,
50,1,518,khatma/518.mp3,0,16920,next_start
50,2,518,khatma/518.mp3,16920,33900,next_start
50,3,518,khatma/518.mp3,33900,42140,next_start
50,4,518,khatma/518.mp3,42140,53200,next_start
50,5,518,khatma/518.mp3,53200,65540,next_start
50,6,518,khatma/518.mp3,65540,82860,next_start
50,7,518,khatma/518.mp3,82860,104600,next_start
50,8,518,khatma/518.mp3,104600,109280,next_start
50,9,518,khatma/518.mp3,109280,127080,next_start
50,10,518,khatma/518.mp3,127080,133740,next_start
50,11,518,khatma/518.mp3,133740,148080,next_start
50,12,518,khatma/518.mp3,148080,156120,next_start
50,13,518,khatma/518.mp3,156120,162480,next_start
50,14,518,khatma/518.mp3,162480,184820,next_start
50,15,518,khatma/518.mp3,184820,,
50,16,519,khatma/519.mp3,0,13980,next_start
50,17,519,khatma/519.mp3,13980,22200,next_start
50,18,519,khatma/519.mp3,22200,31560,next_start
50,19,519,khatma/519.mp3,31560,41240,next_start
50,20,519,khatma/519.mp3,41240,49680,next_start
50,21,519,khatma/519.mp3,49680,59580,next_start
50,22,519,khatma/519.mp3,59580,82020,next_start
50,23,519,khatma/519.mp3,82020,89340,next_start
50,24,519,khatma/519.mp3,89340,99360,next_start
50,25,519,khatma/519.mp3,99360,103460,next_start
50,26,519,khatma/519.mp3,103460,115060,next_start
50,27,519,khatma/519.mp3,115060,128420,next_start
50,28,519,khatma/519.mp3,128420,138440,next_start
50,29,519,khatma/519.mp3,138440,148040,next_start
50,30,519,khatma/519.mp3,148040,157420,next_start
50,31,519,khatma/519.mp3,157420,181560,next_start
50,32,519,khatma/519.mp3,181560,196620,next_start
50,33,519,khatma/519.mp3,196620,207360,next_start
50,34,519,khatma/519.mp3,207360,217240,next_start
50,35,519,khatma/519.mp3,217240,,
50,36,520,khatma/520.mp3,0,17160,next_start
50,37,520,khatma/520.mp3,17160,28860,next_start
50,38,520,khatma/520.mp3,28860,44080,next_start
50,39,520,khatma/520.mp3,44080,56780,next_start
50,40,520,khatma/520.mp3,56780,64040,next_start
50,41,520,khatma/520.mp3,64040,72680,next_start
50,42,520,khatma/520.mp3,72680,82120,next_start
50,43,520,khatma/520.mp3,82120,93080,next_start
50,44,520,khatma/520.mp3,93080,104200,next_start
50,45,520,khatma/520.mp3,104200,143640,next_start
51,1,520,khatma/520.mp3,143640,147060,next_start
51,2,520,khatma/520.mp3,147060,150640,next_start
51,3,520,khatma/520.mp3,150640,154180,next_start
51,4,520,khatma/520.mp3,154180,158100,next_start
51,5,520,khatma/520.mp3,158100,162240,next_start
51,6,520,khatma/520.mp3,162240,,
51,31,522,khatma/522.mp3,0,6460,next_start
51,32,522,khatma/522.mp3,6460,16320,next_start
51,33,522,khatma/522.mp3,16320,26100,next_start
51,34,522,khatma/522.mp3,26100,30640,next_start
51,35,522,khatma/522.mp3,30640,38520,next_start
51,36,522,khatma/522.mp3,38520,48240,next_start
51,37,522,khatma/522.mp3,48240,59560,next_start
51,38,522,khatma/522.mp3,59560,70880,next_start
51,39,522,khatma/522.mp3,70880,80480,next_start
51,40,522,khatma/522.mp3,80480,89740,next_start
51,41,522,khatma/522.mp3,89740,102340,next_start
51,42,522,khatma/522.mp3,102340,112120,next_start
51,43,522,khatma/522.mp3,112120,125480,next_start
51,44,522,khatma/522.mp3,125480,134220,next_start
51,45,522,khatma/522.mp3,134220,143820,next_start
51,46,522,khatma/522.mp3,143820,158820,next_start
51,47,522,khatma/522.mp3,158820,168480,next_start
51,48,522,khatma/522.mp3,168480,176620,next_start
51,49,522,khatma/522.mp3,176620,187340,next_start
51,50,522,khatma/522.mp3,187340,199980,next_start
51,51,522,khatma/522.mp3,199980,,
51,52,523,khatma/523.mp3,0,15440,next_start
51,53,523,khatma/523.mp3,15440,22860,next_start
51,54,523,khatma/523.mp3,22860,28260,next_start
51,55,523,khatma/523.mp3,28260,38060,next_start
51,56,523,khatma/523.mp3,38060,47140,next_start
51,57,523,khatma/523.mp3,47140,58400,next_start
51,58,523,khatma/523.mp3,58400,66980,next_start
51,59,523,khatma/523.mp3,66980,80100,next_start
51,60,523,khatma/523.mp3,80100,102940,next_start
52,1,523,khatma/523.mp3,102940,104340,next_start
52,2,523,khatma/523.mp3,104340,108540,next_start
52,3,523,khatma/523.mp3,108540,113240,next_start
52,4,523,khatma/523.mp3,113240,118880,next_start
52,5,523,khatma/523.mp3,118880,121100,next_start
52,6,523,khatma/523.mp3,121100,125700,next_start
52,7,523,khatma/523.mp3,125700,129500,next_start
52,8,523,khatma/523.mp3,129500,132680,next_start
52,9,523,khatma/523.mp3,132680,137880,next_start
52,10,523,khatma/523.mp3,137880,141780,next_start
52,11,523,khatma/523.mp3,141780,148040,next_start
52,12,523,khatma/523.mp3,148040,154980,next_start
52,13,523,khatma/523.mp3,154980,163180,next_start
52,14,523,khatma/523.mp3,163180,,
52,15,524,khatma/524.mp3,580,8160,next_start
52,16,524,khatma/524.mp3,8160,24280,next_start
52,17,524,khatma/524.mp3,24280,31720,next_start
52,18,524,khatma/524.mp3,31720,42580,next_start
52,19,524,khatma/524.mp3,42580,53760,next_start
52,20,524,khatma/524.mp3,53760,64380,next_start
52,21,524,khatma/524.mp3,64380,89380,next_start
52,22,524,khatma/524.mp3,89380,99000,next_start
52,23,524,khatma/524.mp3,99000,108160,next_start
52,24,524,khatma/524.mp3,108160,119080,next_start
52,25,524,khatma/524.mp3,119080,127720,next_start
52,26,524,khatma/524.mp3,127720,136780,next_start
52,27,524,khatma/524.mp3,136780,155000,next_start
52,28,524,khatma/524.mp3,155000,166760,next_start
52,29,524,khatma/524.mp3,166760,176880,next_start
52,30,524,khatma/524.mp3,176880,188800,next_start
52,31,524,khatma/524.mp3,188800,,
52,32,525,khatma/525.mp3,0,11240,next_start
52,33,525,khatma/525.mp3,11240,18580,next_start
52,34,525,khatma/525.mp3,18580,27880,next_start
52,35,525,khatma/525.mp3,27880,35120,next_start
52,36,525,khatma/525.mp3,35120,41660,next_start
52,37,525,khatma/525.mp3,41660,50380,next_start
52,38,525,khatma/525.mp3,50380,71620,next_start
52,39,525,khatma/525.mp3,71620,77960,next_start
52,40,525,khatma/525.mp3,77960,87200,next_start
52,41,525,khatma/525.mp3,87200,93700,next_start
52,42,525,khatma/525.mp3,93700,102860,next_start
52,43,525,khatma/525.mp3,102860,124780,next_start
52,44,525,khatma/525.mp3,124780,137480,next_start
52,45,525,khatma/525.mp3,137480,146040,next_start
52,46,525,khatma/525.mp3,146040,155560,next_start
52,47,525,khatma/525.mp3,155560,169660,next_start
52,48,525,khatma/525.mp3,169660,188940,next_start
52,49,525,khatma/525.mp3,188940,,
53,1,526,khatma/526.mp3,11300,15160,next_start
53,2,526,khatma/526.mp3,15160,20300,next_start
53,3,526,khatma/526.mp3,20300,24640,next_start
53,4,526,khatma/526.mp3,24640,30680,next_start
53,5,526,khatma/526.mp3,30680,34760,next_start
53,6,526,khatma/526.mp3,34760,40400,next_start
53,7,526,khatma/526.mp3,40400,43640,next_start
53,8,526,khatma/526.mp3,43640,47560,next_start
53,9,526,khatma/526.mp3,47560,53340,next_start
53,10,526,khatma/526.mp3,53340,60040,next_start
53,11,526,khatma/526.mp3,60040,67140,next_start
53,12,526,khatma/526.mp3,67140,71360,next_start
53,13,526,khatma/526.mp3,71360,76340,next_start
53,14,526,khatma/526.mp3,76340,82240,next_start
53,15,526,khatma/526.mp3,82240,86680,next_start
53,16,526,khatma/526.mp3,86680,91560,next_start
53,17,526,khatma/526.mp3,91560,96880,next_start
53,18,526,khatma/526.mp3,96880,105620,next_start
53,19,526,khatma/526.mp3,105620,110500,next_start
53,20,526,khatma/526.mp3,110500,112280,next_start
53,21,526,khatma/526.mp3,112280,117280,next_start
53,22,526,khatma/526.mp3,117280,123220,next_start
53,23,526,khatma/526.mp3,123220,178360,next_start
53,24,526,khatma/526.mp3,178360,181820,next_start
53,25,526,khatma/526.mp3,181820,188120,next_start
53,26,526,khatma/526.mp3,188120,,
53,27,527,khatma/527.mp3,0,14440,next_start
53,28,527,khatma/527.mp3,14440,30940,next_start
53,29,527,khatma/527.mp3,30940,42180,next_start
53,30,527,khatma/527.mp3,42180,59560,next_start
53,31,527,khatma/527.mp3,59560,77120,next_start
53,32,527,khatma/527.mp3,77120,118480,next_start
53,33,527,khatma/527.mp3,118480,121020,next_start
53,34,527,khatma/527.mp3,121020,126100,next_start
53,35,527,khatma/527.mp3,126100,131380,next_start
53,36,527,khatma/527.mp3,131380,137300,next_start
53,37,527,khatma/527.mp3,137300,142980,next_start
53,38,527,khatma/527.mp3,142980,147980,next_start
53,39,527,khatma/527.mp3,147980,154400,next_start
53,40,527,khatma/527.mp3,154400,159460,next_start
53,41,527,khatma/527.mp3,159460,166600,next_start
53,42,527,khatma/527.mp3,166600,173100,next_start
53,43,527,khatma/527.mp3,173100,178980,next_start
53,44,527,khatma/527.mp3,178980,,
53,45,528,khatma/528.mp3,0,7760,next_start
53,46,528,khatma/528.mp3,7760,12300,next_start
53,47,528,khatma/528.mp3,12300,19080,next_start
53,48,528,khatma/528.mp3,19080,24200,next_start
53,49,528,khatma/528.mp3,24200,29300,next_start
53,50,528,khatma/528.mp3,29300,36880,next_start
53,51,528,khatma/528.mp3,36880,39980,next_start
53,52,528,khatma/528.mp3,39980,49800,next_start
53,53,528,khatma/528.mp3,49800,55180,next_start
53,54,528,khatma/528.mp3,55180,57660,next_start
53,55,528,khatma/528.mp3,57660,64940,next_start
53,56,528,khatma/528.mp3,64940,76820,next_start
53,57,528,khatma/528.mp3,76820,78580,next_start
53,58,528,khatma/528.mp3,78580,92700,next_start
53,59,528,khatma/528.mp3,92700,97120,next_start
53,60,528,khatma/528.mp3,97120,102900,next_start
53,61,528,khatma/528.mp3,102900,109560,next_start
53,62,528,khatma/528.mp3,109560,128640,next_start
54,1,528,khatma/528.mp3,128640,133780,next_start
54,2,528,khatma/528.mp3,133780,142180,next_start
54,3,528,khatma/528.mp3,142180,152760,next_start
54,4,528,khatma/528.mp3,152760,161820,next_start
54,5,528,khatma/528.mp3,161820,170120,next_start
54,6,528,khatma/528.mp3,170120,,
54,28,530,khatma/530.mp3,0,10800,next_start
54,29,530,khatma/530.mp3,10800,15960,next_start
54,30,530,khatma/530.mp3,15960,20880,next_start
54,31,530,khatma/530.mp3,20880,31180,next_start
54,32,530,khatma/530.mp3,31180,44800,next_start
54,33,530,khatma/530.mp3,44800,50280,next_start
54,34,530,khatma/530.mp3,50280,66700,next_start
54,35,530,khatma/530.mp3,66700,75540,next_start
54,36,530,khatma/530.mp3,75540,83480,next_start
54,37,530,khatma/530.mp3,83480,94940,next_start
54,38,530,khatma/530.mp3,94940,101900,next_start
54,39,530,khatma/530.mp3,101900,105600,next_start
54,40,530,khatma/530.mp3,105600,117000,next_start
54,41,530,khatma/530.mp3,117000,124140,next_start
54,42,530,khatma/530.mp3,124140,134740,next_start
54,43,530,khatma/530.mp3,134740,146360,next_start
54,44,530,khatma/530.mp3,146360,152840,next_start
54,45,530,khatma/530.mp3,152840,157760,next_start
54,46,530,khatma/530.mp3,157760,165220,next_start
54,47,530,khatma/530.mp3,165220,171520,next_start
54,48,530,khatma/530.mp3,171520,181400,next_start
54,49,530,khatma/530.mp3,181400,,
54,50,531,khatma/531.mp3,0,9540,next_start
54,51,531,khatma/531.mp3,9540,18080,next_start
54,52,531,khatma/531.mp3,18080,22640,next_start
54,53,531,khatma/531.mp3,22640,29220,next_start
54,54,531,khatma/531.mp3,29220,35940,next_start
54,55,531,khatma/531.mp3,35940,54760,next_start
55,1,531,khatma/531.mp3,54760,57180,next_start
55,2,531,khatma/531.mp3,57180,60500,next_start
55,3,531,khatma/531.mp3,60500,64220,next_start
55,4,531,khatma/531.mp3,64220,67720,next_start
55,5,531,khatma/531.mp3,67720,72440,next_start
55,6,531,khatma/531.mp3,72440,77960,next_start
55,7,531,khatma/531.mp3,77960,87320,next_start
55,8,531,khatma/531.mp3,87320,91500,next_start
55,9,531,khatma/531.mp3,91500,97820,next_start
55,10,531,khatma/531.mp3,97820,102440,next_start
55,11,531,khatma/531.mp3,102440,110340,next_start
55,12,531,khatma/531.mp3,110340,116100,next_start
55,13,531,khatma/531.mp3,116100,123800,next_start
55,14,531,khatma/531.mp3,123800,131760,next_start
55,15,531,khatma/531.mp3,131760,141680,next_start
55,16,531,khatma/531.mp3,141680,145680,next_start
55,17,531,khatma/531.mp3,145680,149680,next_start
55,18,531,khatma/531.mp3,149680,,
55,19,532,khatma/532.mp3,15840,20560,next_start
55,20,532,khatma/532.mp3,20560,26120,next_start
55,21,532,khatma/532.mp3,26120,33260,next_start
55,22,532,khatma/532.mp3,33260,38540,next_start
55,23,532,khatma/532.mp3,38540,45700,next_start
55,24,532,khatma/532.mp3,45700,53280,next_start
55,25,532,khatma/532.mp3,53280,61080,next_start
55,26,532,khatma/532.mp3,61080,65940,next_start
55,27,532,khatma/532.mp3,65940,78860,next_start
55,28,532,khatma/532.mp3,78860,87880,next_start
55,29,532,khatma/532.mp3,87880,95060,next_start
55,30,532,khatma/532.mp3,95060,102100,next_start
55,31,532,khatma/532.mp3,102100,107240,next_start
55,32,532,khatma/532.mp3,107240,115520,next_start
55,33,532,khatma/532.mp3,115520,135240,next_start
55,34,532,khatma/532.mp3,135240,148060,next_start
55,35,532,khatma/532.mp3,148060,154040,next_start
55,36,532,khatma/532.mp3,154040,161220,next_start
55,37,532,khatma/532.mp3,161220,170980,next_start
55,38,532,khatma/532.mp3,170980,178320,next_start
55,39,532,khatma/532.mp3,178320,190440,next_start
55,40,532,khatma/532.mp3,190440,195130,next_start
55,41,532,khatma/532.mp3,195130,,
55,70,534,khatma/534.mp3,17500,23660,next_start
55,71,534,khatma/534.mp3,23660,30480,next_start
55,72,534,khatma/534.mp3,30480,36440,next_start
55,73,534,khatma/534.mp3,36440,43020,next_start
55,74,534,khatma/534.mp3,43020,52020,next_start
55,75,534,khatma/534.mp3,52020,59180,next_start
55,76,534,khatma/534.mp3,59180,67520,next_start
55,77,534,khatma/534.mp3,67520,74820,next_start
55,78,534,khatma/534.mp3,74820,105920,next_start
56,1,534,khatma/534.mp3,105920,109000,next_start
56,2,534,khatma/534.mp3,109000,112940,next_start
56,3,534,khatma/534.mp3,112940,115560,next_start
56,4,534,khatma/534.mp3,115560,119720,next_start
56,5,534,khatma/534.mp3,119720,122840,next_start
56,6,534,khatma/534.mp3,122840,128340,next_start
56,7,534,khatma/534.mp3,128340,133420,next_start
56,8,534,khatma/534.mp3,133420,138780,next_start
56,9,534,khatma/534.mp3,138780,145540,next_start
56,10,534,khatma/534.mp3,145540,152420,next_start
56,11,534,khatma/534.mp3,152420,155220,next_start
56,12,534,khatma/534.mp3,155220,161140,next_start
56,13,534,khatma/534.mp3,161140,164860,next_start
56,14,534,khatma/534.mp3,164860,170220,next_start
56,15,534,khatma/534.mp3,170220,173900,next_start
56,16,534,khatma/534.mp3,173900,,
56,17,535,khatma/535.mp3,520,6700,next_start
56,18,535,khatma/535.mp3,6700,14740,next_start
56,19,535,khatma/535.mp3,14740,21800,next_start
56,20,535,khatma/535.mp3,21800,28020,next_start
56,21,535,khatma/535.mp3,28020,34400,next_start
56,22,535,khatma/535.mp3,34400,37860,next_start
56,23,535,khatma/535.mp3,37860,43020,next_start
56,24,535,khatma/535.mp3,43020,48440,next_start
56,25,535,khatma/535.mp3,48440,55240,next_start
56,26,535,khatma/535.mp3,55240,61000,next_start
56,27,535,khatma/535.mp3,61000,67080,next_start
56,28,535,khatma/535.mp3,67080,70940,next_start
56,29,535,khatma/535.mp3,70940,74940,next_start
56,30,535,khatma/535.mp3,74940,80800,next_start
56,31,535,khatma/535.mp3,80800,83280,next_start
56,32,535,khatma/535.mp3,83280,86500,next_start
56,33,535,khatma/535.mp3,86500,91360,next_start
56,34,535,khatma/535.mp3,91360,95260,next_start
56,35,535,khatma/535.mp3,95260,103160,next_start
56,36,535,khatma/535.mp3,103160,108840,next_start
56,37,535,khatma/535.mp3,108840,111700,next_start
56,38,535,khatma/535.mp3,111700,116200,next_start
56,39,535,khatma/535.mp3,116200,121300,next_start
56,40,535,khatma/535.mp3,121300,125140,next_start
56,41,535,khatma/535.mp3,125140,132340,next_start
56,42,535,khatma/535.mp3,132340,136020,next_start
56,43,535,khatma/535.mp3,136020,140180,next_start
56,44,535,khatma/535.mp3,140180,144760,next_start
56,45,535,khatma/535.mp3,144760,155960,next_start
56,46,535,khatma/535.mp3,155960,162860,next_start
56,47,535,khatma/535.mp3,162860,177800,next_start
56,48,535,khatma/535.mp3,177800,180060,next_start
56,49,535,khatma/535.mp3,180060,186380,next_start
56,50,535,khatma/535.mp3,186380,,
56,51,536,khatma/536.mp3,0,11440,next_start
56,52,536,khatma/536.mp3,11440,18540,next_start
56,53,536,khatma/536.mp3,18540,21680,next_start
56,54,536,khatma/536.mp3,21680,26700,next_start
56,55,536,khatma/536.mp3,26700,30440,next_start
56,56,536,khatma/536.mp3,30440,35200,next_start
56,57,536,khatma/536.mp3,35200,44220,next_start
56,58,536,khatma/536.mp3,44220,49500,next_start
56,59,536,khatma/536.mp3,49500,55580,next_start
56,60,536,khatma/536.mp3,55580,63260,next_start
56,61,536,khatma/536.mp3,63260,73220,next_start
56,62,536,khatma/536.mp3,73220,83980,next_start
56,63,536,khatma/536.mp3,83980,89120,next_start
56,64,536,khatma/536.mp3,89120,95000,next_start
56,65,536,khatma/536.mp3,95000,105040,next_start
56,66,536,khatma/536.mp3,105040,107420,next_start
56,67,536,khatma/536.mp3,107420,113640,next_start
56,68,536,khatma/536.mp3,113640,120800,next_start
56,69,536,khatma/536.mp3,120800,128720,next_start
56,70,536,khatma/536.mp3,128720,139360,next_start
56,71,536,khatma/536.mp3,139360,145340,next_start
56,72,536,khatma/536.mp3,145340,152520,next_start
56,73,536,khatma/536.mp3,152520,160400,next_start
56,74,536,khatma/536.mp3,160400,170040,next_start
56,75,536,khatma/536.mp3,170040,181180,next_start
56,76,536,khatma/536.mp3,181180,,
56,77,537,khatma/537.mp3,420,6060,next_start
56,78,537,khatma/537.mp3,6060,10160,next_start
56,79,537,khatma/537.mp3,10160,18300,next_start
56,80,537,khatma/537.mp3,18300,23140,next_start
56,81,537,khatma/537.mp3,23140,28280,next_start
56,82,537,khatma/537.mp3,28280,35980,next_start
56,83,537,khatma/537.mp3,35980,42200,next_start
56,84,537,khatma/537.mp3,42200,48460,next_start
56,85,537,khatma/537.mp3,48460,55940,next_start
56,86,537,khatma/537.mp3,55940,62980,next_start
56,87,537,khatma/537.mp3,62980,69820,next_start
56,88,537,khatma/537.mp3,69820,77460,next_start
56,89,537,khatma/537.mp3,77460,84320,next_start
56,90,537,khatma/537.mp3,84320,91680,next_start
56,91,537,khatma/537.mp3,91680,101520,next_start
56,92,537,khatma/537.mp3,101520,113780,next_start
56,93,537,khatma/537.mp3,113780,118020,next_start
56,94,537,khatma/537.mp3,118020,122340,next_start
56,95,537,khatma/537.mp3,122340,128740,next_start
56,96,537,khatma/537.mp3,128740,145500,next_start
57,1,537,khatma/537.mp3,145500,154820,next_start
57,2,537,khatma/537.mp3,154820,169080,next_start
57,3,537,khatma/537.mp3,169080,,
57,4,538,khatma/538.mp3,0,33600,next_start
57,5,538,khatma/538.mp3,33600,43340,next_start
57,6,538,khatma/538.mp3,43340,59680,next_start
57,7,538,khatma/538.mp3,59680,79800,next_start
57,8,538,khatma/538.mp3,79800,98060,next_start
57,9,538,khatma/538.mp3,98060,118460,next_start
57,10,538,khatma/538.mp3,118460,160680,next_start
57,11,538,khatma/538.mp3,160680,,
57,12,539,khatma/539.mp3,0,28800,next_start
57,13,539,khatma/539.mp3,28800,65500,next_start
57,14,539,khatma/539.mp3,65500,98840,next_start
57,15,539,khatma/539.mp3,98840,116320,next_start
57,16,539,khatma/539.mp3,116320,161640,next_start
57,17,539,khatma/539.mp3,161640,176960,next_start
57,18,539,khatma/539.mp3,176960,,
57,19,540,khatma/540.mp3,0,30580,next_start
57,20,540,khatma/540.mp3,30580,86360,next_start
57,21,540,khatma/540.mp3,86360,124080,next_start
57,22,540,khatma/540.mp3,124080,148080,next_start
57,23,540,khatma/540.mp3,148080,162500,next_start
57,24,540,khatma/540.mp3,162500,,
58,1,542,khatma/542.mp3,9720,35580,next_start
58,2,542,khatma/542.mp3,35580,65920,next_start
58,3,542,khatma/542.mp3,65920,96760,next_start
58,4,542,khatma/542.mp3,96760,128200,next_start
58,5,542,khatma/542.mp3,128200,157020,next_start
58,6,542,khatma/542.mp3,157020,,
58,7,543,khatma/543.mp3,640,49240,next_start
58,8,543,khatma/543.mp3,49240,93440,next_start
58,9,543,khatma/543.mp3,93440,121180,next_start
58,10,543,khatma/543.mp3,121180,144560,next_start
58,11,543,khatma/543.mp3,144560,,
58,12,544,khatma/544.mp3,2680,26220,next_start
58,13,544,khatma/544.mp3,26220,51960,next_start
58,14,544,khatma/544.mp3,51960,73360,next_start
58,15,544,khatma/544.mp3,73360,85900,next_start
58,16,544,khatma/544.mp3,85900,99180,next_start
58,17,544,khatma/544.mp3,99180,116940,next_start
58,18,544,khatma/544.mp3,116940,139320,next_start
58,19,544,khatma/544.mp3,139320,160700,next_start
58,20,544,khatma/544.mp3,160700,174160,next_start
58,21,544,khatma/544.mp3,174160,,
58,22,545,khatma/545.mp3,640,76480,next_start
59,1,545,khatma/545.mp3,76480,85620,next_start
59,2,545,khatma/545.mp3,85620,133580,next_start
59,3,545,khatma/545.mp3,133580,,
59,4,546,khatma/546.mp3,740,18260,next_start
59,5,546,khatma/546.mp3,18260,34120,next_start
59,6,546,khatma/546.mp3,34120,62720,next_start
59,7,546,khatma/546.mp3,62720,108260,next_start
59,8,546,khatma/546.mp3,108260,135800,next_start
59,9,546,khatma/546.mp3,135800,,
59,10,547,khatma/547.mp3,40,34820,next_start
59,11,547,khatma/547.mp3,34820,68100,next_start
59,12,547,khatma/547.mp3,68100,87300,next_start
59,13,547,khatma/547.mp3,87300,101440,next_start
59,14,547,khatma/547.mp3,101440,130620,next_start
59,15,547,khatma/547.mp3,130620,143220,next_start
59,16,547,khatma/547.mp3,143220,,
59,17,548,khatma/548.mp3,280,17140,next_start
59,18,548,khatma/548.mp3,17140,36820,next_start
59,19,548,khatma/548.mp3,36820,57620,next_start
59,20,548,khatma/548.mp3,57620,73220,next_start
59,21,548,khatma/548.mp3,73220,96540,next_start
59,22,548,khatma/548.mp3,96540,112000,next_start
59,23,548,khatma/548.mp3,112000,141900,next_start
59,24,548,khatma/548.mp3,141900,,
60,6,550,khatma/550.mp3,660,18620,next_start
60,7,550,khatma/550.mp3,18620,36160,next_start
60,8,550,khatma/550.mp3,36160,61940,next_start
60,9,550,khatma/550.mp3,61940,87720,next_start
60,10,550,khatma/550.mp3,87720,159600,next_start
60,11,550,khatma/550.mp3,159600,,
60,12,551,khatma/551.mp3,2260,52600,next_start
60,13,551,khatma/551.mp3,52600,84020,next_start
61,1,551,khatma/551.mp3,84020,96560,next_start
61,2,551,khatma/551.mp3,96560,105280,next_start
61,3,551,khatma/551.mp3,105280,112860,next_start
61,4,551,khatma/551.mp3,112860,134940,next_start
61,5,551,khatma/551.mp3,134940,,
61,6,552,khatma/552.mp3,0,45940,next_start
61,7,552,khatma/552.mp3,45940,63960,next_start
61,8,552,khatma/552.mp3,63960,79080,next_start
61,9,552,khatma/552.mp3,79080,100100,next_start
61,10,552,khatma/552.mp3,100100,114420,next_start
61,11,552,khatma/552.mp3,114420,138740,next_start
61,12,552,khatma/552.mp3,138740,160100,next_start
61,13,552,khatma/552.mp3,160100,199500,next_start
61,14,552,khatma/552.mp3,199500,,
62,1,553,khatma/553.mp3,8980,18700,next_start
62,2,553,khatma/553.mp3,18700,45860,next_start
62,3,553,khatma/553.mp3,45860,53560,next_start
62,4,553,khatma/553.mp3,53560,69200,next_start
62,5,553,khatma/553.mp3,69200,95900,next_start
62,6,553,khatma/553.mp3,95900,120220,next_start
62,7,553,khatma/553.mp3,120220,133680,next_start
62,8,553,khatma/553.mp3,133680,,
62,9,554,khatma/554.mp3,2280,26320,next_start
62,10,554,khatma/554.mp3,26320,54420,next_start
62,11,554,khatma/554.mp3,54420,104980,next_start
63,1,554,khatma/554.mp3,104980,127200,next_start
63,2,554,khatma/554.mp3,127200,141660,next_start
63,3,554,khatma/554.mp3,141660,153000,next_start
63,4,554,khatma/554.mp3,153000,,
63,5,555,khatma/555.mp3,0,17020,next_start
63,6,555,khatma/555.mp3,17020,34180,next_start
63,7,555,khatma/555.mp3,34180,59520,next_start
63,8,555,khatma/555.mp3,59520,93660,next_start
63,9,555,khatma/555.mp3,93660,113200,next_start
63,10,555,khatma/555.mp3,113200,139500,next_start
63,11,555,khatma/555.mp3,139500,,
64,1,556,khatma/556.mp3,8700,21760,next_start
64,2,556,khatma/556.mp3,21760,34340,next_start
64,3,556,khatma/556.mp3,34340,44640,next_start
64,4,556,khatma/556.mp3,44640,59840,next_start
64,5,556,khatma/556.mp3,59840,72260,next_start
64,6,556,khatma/556.mp3,72260,106280,next_start
64,7,556,khatma/556.mp3,106280,127580,next_start
64,8,556,khatma/556.mp3,127580,140040,next_start
64,9,556,khatma/556.mp3,140040,,
64,10,557,khatma/557.mp3,0,14760,next_start
64,11,557,khatma/557.mp3,14760,33220,next_start
64,12,557,khatma/557.mp3,33220,45420,next_start
64,13,557,khatma/557.mp3,45420,58420,next_start
64,14,557,khatma/557.mp3,58420,76340,next_start
64,15,557,khatma/557.mp3,76340,87220,next_start
64,16,557,khatma/557.mp3,87220,106860,next_start
64,17,557,khatma/557.mp3,106860,123420,next_start
64,18,557,khatma/557.mp3,123420,,
65,1,558,khatma/558.mp3,11540,58080,next_start
65,2,558,khatma/558.mp3,58080,93680,next_start
65,3,558,khatma/558.mp3,93680,115960,next_start
65,4,558,khatma/558.mp3,115960,146940,next_start
65,5,558,khatma/558.mp3,146940,,
65,6,559,khatma/559.mp3,0,46220,next_start
65,7,559,khatma/559.mp3,46220,83120,next_start
65,8,559,khatma/559.mp3,83120,101260,next_start
65,9,559,khatma/559.mp3,101260,108200,next_start
65,10,559,khatma/559.mp3,108200,130180,next_start
65,11,559,khatma/559.mp3,130180,166260,next_start
65,12,559,khatma/559.mp3,166260,,
66,1,560,khatma/560.mp3,12600,25660,next_start
66,2,560,khatma/560.mp3,25660,37080,next_start
66,3,560,khatma/560.mp3,37080,69500,next_start
66,4,560,khatma/560.mp3,69500,94360,next_start
66,5,560,khatma/560.mp3,94360,128740,next_start
66,6,560,khatma/560.mp3,128740,187220,next_start
66,7,560,khatma/560.mp3,187220,,
67,1,562,khatma/562.mp3,9200,17460,next_start
67,2,562,khatma/562.mp3,17460,29520,next_start
67,3,562,khatma/562.mp3,29520,47120,next_start
67,4,562,khatma/562.mp3,47120,63620,next_start
67,5,562,khatma/562.mp3,63620,81600,next_start
67,6,562,khatma/562.mp3,81600,92260,next_start
67,7,562,khatma/562.mp3,92260,101220,next_start
67,8,562,khatma/562.mp3,101220,117840,next_start
67,9,562,khatma/562.mp3,117840,137720,next_start
67,10,562,khatma/562.mp3,137720,150360,next_start
67,11,562,khatma/562.mp3,150360,161700,next_start
67,12,562,khatma/562.mp3,161700,,
67,13,563,khatma/563.mp3,1620,13760,next_start
67,14,563,khatma/563.mp3,13760,20840,next_start
67,15,563,khatma/563.mp3,20840,40540,next_start
67,16,563,khatma/563.mp3,40540,51340,next_start
67,17,563,khatma/563.mp3,51340,68680,next_start
67,18,563,khatma/563.mp3,68680,76320,next_start
67,19,563,khatma/563.mp3,76320,98960,next_start
67,20,563,khatma/563.mp3,98960,116540,next_start
67,21,563,khatma/563.mp3,116540,132280,next_start
67,22,563,khatma/563.mp3,132280,150540,next_start
67,23,563,khatma/563.mp3,150540,165600,next_start
67,24,563,khatma/563.mp3,165600,173020,next_start
67,25,563,khatma/563.mp3,173020,182200,next_start
67,26,563,khatma/563.mp3,182200,,
67,27,564,khatma/564.mp3,900,17480,next_start
67,28,564,khatma/564.mp3,17480,32560,next_start
67,29,564,khatma/564.mp3,32560,49440,next_start
67,30,564,khatma/564.mp3,49440,79140,next_start
68,1,564,khatma/564.mp3,79140,83820,next_start
68,2,564,khatma/564.mp3,83820,90460,next_start
68,3,564,khatma/564.mp3,90460,96980,next_start
68,4,564,khatma/564.mp3,96980,102920,next_start
68,5,564,khatma/564.mp3,102920,108180,next_start
68,6,564,khatma/564.mp3,108180,111040,next_start
68,7,564,khatma/564.mp3,111040,121660,next_start
68,8,564,khatma/564.mp3,121660,128400,next_start
68,9,564,khatma/564.mp3,128400,131780,next_start
68,10,564,khatma/564.mp3,131780,142840,next_start
68,11,564,khatma/564.mp3,142840,148700,next_start
68,12,564,khatma/564.mp3,148700,152300,next_start
68,13,564,khatma/564.mp3,152300,156060,next_start
68,14,564,khatma/564.mp3,156060,161280,next_start
68,15,564,khatma/564.mp3,161280,171230,next_start
68,16,564,khatma/564.mp3,171230,,
68,17,565,khatma/565.mp3,6100,19680,next_start
68,18,565,khatma/565.mp3,19680,23320,next_start
68,19,565,khatma/565.mp3,23320,32860,next_start
68,20,565,khatma/565.mp3,32860,37220,next_start
68,21,565,khatma/565.mp3,37220,41900,next_start
68,22,565,khatma/565.mp3,41900,50320,next_start
68,23,565,khatma/565.mp3,50320,53480,next_start
68,24,565,khatma/565.mp3,53480,60620,next_start
68,25,565,khatma/565.mp3,60620,65960,next_start
68,26,565,khatma/565.mp3,65960,77100,next_start
68,27,565,khatma/565.mp3,77100,81560,next_start
68,28,565,khatma/565.mp3,81560,89240,next_start
68,29,565,khatma/565.mp3,89240,98180,next_start
68,30,565,khatma/565.mp3,98180,105640,next_start
68,31,565,khatma/565.mp3,105640,114380,next_start
68,32,565,khatma/565.mp3,114380,127980,next_start
68,33,565,khatma/565.mp3,127980,140440,next_start
68,34,565,khatma/565.mp3,140440,149820,next_start
68,35,565,khatma/565.mp3,149820,155720,next_start
68,36,565,khatma/565.mp3,155720,159720,next_start
68,37,565,khatma/565.mp3,159720,165820,next_start
68,38,565,khatma/565.mp3,165820,171980,next_start
68,39,565,khatma/565.mp3,171980,184020,next_start
68,40,565,khatma/565.mp3,184020,189760,next_start
68,41,565,khatma/565.mp3,189760,201100,next_start
68,42,565,khatma/565.mp3,201100,,
69,9,567,khatma/567.mp3,660,9700,next_start
69,10,567,khatma/567.mp3,9700,16420,next_start
69,11,567,khatma/567.mp3,16420,25120,next_start
69,12,567,khatma/567.mp3,25120,33800,next_start
69,13,567,khatma/567.mp3,33800,39960,next_start
69,14,567,khatma/567.mp3,39960,50680,next_start
69,15,567,khatma/567.mp3,50680,56880,next_start
69,16,567,khatma/567.mp3,56880,63840,next_start
69,17,567,khatma/567.mp3,63840,79140,next_start
69,18,567,khatma/567.mp3,79140,87700,next_start
69,19,567,khatma/567.mp3,87700,109560,next_start
69,20,567,khatma/567.mp3,109560,117200,next_start
69,21,567,khatma/567.mp3,117200,121080,next_start
69,22,567,khatma/567.mp3,121080,124700,next_start
69,23,567,khatma/567.mp3,124700,127680,next_start
69,24,567,khatma/567.mp3,127680,136600,next_start
69,25,567,khatma/567.mp3,136600,148300,next_start
69,26,567,khatma/567.mp3,148300,153520,next_start
69,27,567,khatma/567.mp3,153520,156740,next_start
69,28,567,khatma/567.mp3,156740,168020,next_start
69,29,567,khatma/567.mp3,168020,172800,next_start
69,30,567,khatma/567.mp3,172800,176700,next_start
69,31,567,khatma/567.mp3,176700,182140,next_start
69,32,567,khatma/567.mp3,182140,191360,next_start
69,33,567,khatma/567.mp3,191360,198440,next_start
69,34,567,khatma/567.mp3,198440,203170,next_start
69,35,567,khatma/567.mp3,203170,,
69,36,568,khatma/568.mp3,6340,13380,next_start
69,37,568,khatma/568.mp3,13380,21480,next_start
69,38,568,khatma/568.mp3,21480,26480,next_start
69,39,568,khatma/568.mp3,26480,30220,next_start
69,40,568,khatma/568.mp3,30220,35840,next_start
69,41,568,khatma/568.mp3,35840,44060,next_start
69,42,568,khatma/568.mp3,44060,51720,next_start
69,43,568,khatma/568.mp3,51720,57840,next_start
69,44,568,khatma/568.mp3,57840,64220,next_start
69,45,568,khatma/568.mp3,64220,68760,next_start
69,46,568,khatma/568.mp3,68760,74340,next_start
69,47,568,khatma/568.mp3,74340,81200,next_start
69,48,568,khatma/568.mp3,81200,89040,next_start
69,49,568,khatma/568.mp3,89040,96740,next_start
69,50,568,khatma/568.mp3,96740,104260,next_start
69,51,568,khatma/568.mp3,104260,110440,next_start
69,52,568,khatma/568.mp3,110440,125000,next_start
70,1,568,khatma/568.mp3,125000,133300,next_start
70,2,568,khatma/568.mp3,133300,135500,next_start
70,3,568,khatma/568.mp3,135500,138640,next_start
70,4,568,khatma/568.mp3,138640,151120,next_start
70,5,568,khatma/568.mp3,151120,154620,next_start
70,6,568,khatma/568.mp3,154620,160180,next_start
70,7,568,khatma/568.mp3,160180,161540,next_start
70,8,568,khatma/568.mp3,161540,166660,next_start
70,9,568,khatma/568.mp3,166660,170740,next_start
70,10,568,khatma/568.mp3,170740,,
70,41,570,khatma/570.mp3,12080,21280,next_start
70,42,570,khatma/570.mp3,21280,32520,next_start
70,43,570,khatma/570.mp3,32520,44140,next_start
70,44,570,khatma/570.mp3,44140,67520,next_start
71,1,570,khatma/570.mp3,67520,81840,next_start
71,2,570,khatma/570.mp3,81840,88220,next_start
71,3,570,khatma/570.mp3,88220,94120,next_start
71,4,570,khatma/570.mp3,94120,115940,next_start
71,5,570,khatma/570.mp3,115940,123140,next_start
71,6,570,khatma/570.mp3,123140,130460,next_start
71,7,570,khatma/570.mp3,130460,148900,next_start
71,8,570,khatma/570.mp3,148900,154520,next_start
71,9,570,khatma/570.mp3,154520,163380,next_start
71,10,570,khatma/570.mp3,163380,,
71,11,571,khatma/571.mp3,0,9440,next_start
71,12,571,khatma/571.mp3,9440,21320,next_start
71,13,571,khatma/571.mp3,21320,27000,next_start
71,14,571,khatma/571.mp3,27000,30840,next_start
71,15,571,khatma/571.mp3,30840,39160,next_start
71,16,571,khatma/571.mp3,39160,47220,next_start
71,17,571,khatma/571.mp3,47220,53020,next_start
71,18,571,khatma/571.mp3,53020,59940,next_start
71,19,571,khatma/571.mp3,59940,65280,next_start
71,20,571,khatma/571.mp3,65280,70320,next_start
71,21,571,khatma/571.mp3,70320,84320,next_start
71,22,571,khatma/571.mp3,84320,88960,next_start
71,23,571,khatma/571.mp3,88960,103240,next_start
71,24,571,khatma/571.mp3,103240,116780,next_start
71,25,571,khatma/571.mp3,116780,127680,next_start
71,26,571,khatma/571.mp3,127680,136280,next_start
71,27,571,khatma/571.mp3,136280,148380,next_start
71,28,571,khatma/571.mp3,148380,,
72,1,572,khatma/572.mp3,9860,23140,next_start
72,2,572,khatma/572.mp3,23140,34560,next_start
72,3,572,khatma/572.mp3,34560,43640,next_start
72,4,572,khatma/572.mp3,43640,52160,next_start
72,5,572,khatma/572.mp3,52160,61960,next_start
72,6,572,khatma/572.mp3,61960,74880,next_start
72,7,572,khatma/572.mp3,74880,85300,next_start
72,8,572,khatma/572.mp3,85300,96140,next_start
72,9,572,khatma/572.mp3,96140,109740,next_start
72,10,572,khatma/572.mp3,109740,125560,next_start
72,11,572,khatma/572.mp3,125560,133200,next_start
72,12,572,khatma/572.mp3,133200,145540,next_start
72,13,572,khatma/572.mp3,145540,,
72,14,573,khatma/573.mp3,2460,14740,next_start
72,15,573,khatma/573.mp3,14740,22860,next_start
72,16,573,khatma/573.mp3,22860,30920,next_start
72,17,573,khatma/573.mp3,30920,43020,next_start
72,18,573,khatma/573.mp3,43020,50580,next_start
72,19,573,khatma/573.mp3,50580,63340,next_start
72,20,573,khatma/573.mp3,63340,72620,next_start
72,21,573,khatma/573.mp3,72620,80340,next_start
72,22,573,khatma/573.mp3,80340,91440,next_start
72,23,573,khatma/573.mp3,91440,109440,next_start
72,24,573,khatma/573.mp3,109440,123880,next_start
72,25,573,khatma/573.mp3,123880,142700,next_start
72,26,573,khatma/573.mp3,142700,150040,next_start
72,27,573,khatma/573.mp3,150040,163020,next_start
72,28,573,khatma/573.mp3,163020,,
73,1,574,khatma/574.mp3,0,15340,next_start
73,2,574,khatma/574.mp3,15340,17480,next_start
73,3,574,khatma/574.mp3,17480,22460,next_start
73,4,574,khatma/574.mp3,22460,31700,next_start
73,5,574,khatma/574.mp3,31700,35200,next_start
73,6,574,khatma/574.mp3,35200,49500,next_start
73,7,574,khatma/574.mp3,49500,55820,next_start
73,8,574,khatma/574.mp3,55820,61120,next_start
73,9,574,khatma/574.mp3,61120,72620,next_start
73,10,574,khatma/574.mp3,72620,84260,next_start
73,11,574,khatma/574.mp3,84260,91520,next_start
73,12,574,khatma/574.mp3,91520,99100,next_start
73,13,574,khatma/574.mp3,99100,104820,next_start
73,14,574,khatma/574.mp3,104820,118000,next_start
73,15,574,khatma/574.mp3,118000,132700,next_start
73,16,574,khatma/574.mp3,132700,139540,next_start
73,17,574,khatma/574.mp3,139540,153060,next_start
73,18,574,khatma/574.mp3,153060,158260,next_start
73,19,574,khatma/574.mp3,158260,,
73,20,575,khatma/575.mp3,740,113310,next_start
74,1,575,khatma/575.mp3,113310,116200,next_start
74,2,575,khatma/575.mp3,116200,119100,next_start
74,3,575,khatma/575.mp3,119100,123080,next_start
74,4,575,khatma/575.mp3,123080,124780,next_start
74,5,575,khatma/575.mp3,124780,126480,next_start
74,6,575,khatma/575.mp3,126480,130200,next_start
74,7,575,khatma/575.mp3,130200,132820,next_start
74,8,575,khatma/575.mp3,132820,138380,next_start
74,9,575,khatma/575.mp3,138380,143960,next_start
74,10,575,khatma/575.mp3,143960,149180,next_start
74,11,575,khatma/575.mp3,149180,152980,next_start
74,12,575,khatma/575.mp3,152980,159340,next_start
74,13,575,khatma/575.mp3,159340,162060,next_start
74,14,575,khatma/575.mp3,162060,165000,next_start
74,15,575,khatma/575.mp3,165000,169060,next_start
74,16,575,khatma/575.mp3,169060,177480,next_start
74,17,575,khatma/575.mp3,177480,181110,next_start
74,18,575,khatma/575.mp3,181110,,
74,19,576,khatma/576.mp3,4320,5640,next_start
74,20,576,khatma/576.mp3,5640,7340,next_start
74,21,576,khatma/576.mp3,7340,13380,next_start
74,22,576,khatma/576.mp3,13380,15960,next_start
74,23,576,khatma/576.mp3,15960,19720,next_start
74,24,576,khatma/576.mp3,19720,25680,next_start
74,25,576,khatma/576.mp3,25680,31680,next_start
74,26,576,khatma/576.mp3,31680,32420,next_start
74,27,576,khatma/576.mp3,32420,35960,next_start
74,28,576,khatma/576.mp3,35960,38940,next_start
74,29,576,khatma/576.mp3,38940,41760,next_start
74,30,576,khatma/576.mp3,41760,44760,next_start
74,31,576,khatma/576.mp3,44760,115200,next_start
74,32,576,khatma/576.mp3,115200,119120,next_start
74,33,576,khatma/576.mp3,119120,120260,next_start
74,34,576,khatma/576.mp3,120260,124740,next_start
74,35,576,khatma/576.mp3,124740,127160,next_start
74,36,576,khatma/576.mp3,127160,129680,next_start
74,37,576,khatma/576.mp3,129680,137060,next_start
74,38,576,khatma/576.mp3,137060,142740,next_start
74,39,576,khatma/576.mp3,142740,146820,next_start
74,40,576,khatma/576.mp3,146820,154440,next_start
74,41,576,khatma/576.mp3,154440,156860,next_start
74,42,576,khatma/576.mp3,156860,160080,next_start
74,43,576,khatma/576.mp3,160080,164800,next_start
74,44,576,khatma/576.mp3,164800,170620,next_start
74,45,576,khatma/576.mp3,170620,177760,next_start
74,46,576,khatma/576.mp3,177760,181620,next_start
74,47,576,khatma/576.mp3,181620,,
74,48,577,khatma/577.mp3,660,6720,next_start
74,49,577,khatma/577.mp3,6720,12180,next_start
74,50,577,khatma/577.mp3,12180,18800,next_start
74,51,577,khatma/577.mp3,18800,20960,next_start
74,52,577,khatma/577.mp3,20960,29740,next_start
74,53,577,khatma/577.mp3,29740,34580,next_start
74,54,577,khatma/577.mp3,34580,39080,next_start
74,55,577,khatma/577.mp3,39080,42940,next_start
74,56,577,khatma/577.mp3,42940,66860,next_start
75,1,577,khatma/577.mp3,66860,71520,next_start
75,2,577,khatma/577.mp3,71520,77540,next_start
75,3,577,khatma/577.mp3,77540,83440,next_start
75,4,577,khatma/577.mp3,83440,88740,next_start
75,5,577,khatma/577.mp3,88740,96500,next_start
75,6,577,khatma/577.mp3,96500,98600,next_start
75,7,577,khatma/577.mp3,98600,101320,next_start
75,8,577,khatma/577.mp3,101320,103420,next_start
75,9,577,khatma/577.mp3,103420,106640,next_start
75,10,577,khatma/577.mp3,106640,112680,next_start
75,11,577,khatma/577.mp3,112680,115200,next_start
75,12,577,khatma/577.mp3,115200,120700,next_start
75,13,577,khatma/577.mp3,120700,126460,next_start
75,14,577,khatma/577.mp3,126460,131900,next_start
75,15,577,khatma/577.mp3,131900,135340,next_start
75,16,577,khatma/577.mp3,135340,140540,next_start
75,17,577,khatma/577.mp3,140540,145820,next_start
75,18,577,khatma/577.mp3,145820,150820,next_start
75,19,577,khatma/577.mp3,150820,,
75,20,578,khatma/578.mp3,0,4400,next_start
75,21,578,khatma/578.mp3,4400,7600,next_start
75,22,578,khatma/578.mp3,7600,12120,next_start
75,23,578,khatma/578.mp3,12120,15320,next_start
75,24,578,khatma/578.mp3,15320,20680,next_start
75,25,578,khatma/578.mp3,20680,25680,next_start
75,26,578,khatma/578.mp3,25680,31320,next_start
75,27,578,khatma/578.mp3,31320,35580,next_start
75,28,578,khatma/578.mp3,35580,41620,next_start
75,29,578,khatma/578.mp3,41620,46320,next_start
75,30,578,khatma/578.mp3,46320,51800,next_start
75,31,578,khatma/578.mp3,51800,56800,next_start
75,32,578,khatma/578.mp3,56800,59820,next_start
75,33,578,khatma/578.mp3,59820,66080,next_start
75,34,578,khatma/578.mp3,66080,69200,next_start
75,35,578,khatma/578.mp3,69200,74680,next_start
75,36,578,khatma/578.mp3,74680,79520,next_start
75,37,578,khatma/578.mp3,79520,86040,next_start
75,38,578,khatma/578.mp3,86040,91520,next_start
75,39,578,khatma/578.mp3,91520,97740,next_start
75,40,578,khatma/578.mp3,97740,115580,next_start
76,1,578,khatma/578.mp3,115580,124280,next_start
76,2,578,khatma/578.mp3,124280,136640,next_start
76,3,578,khatma/578.mp3,136640,146220,next_start
76,4,578,khatma/578.mp3,146220,155540,next_start
76,5,578,khatma/578.mp3,155540,,
76,6,579,khatma/579.mp3,1720,8620,next_start
76,7,579,khatma/579.mp3,8620,17680,next_start
76,8,579,khatma/579.mp3,17680,27140,next_start
76,9,579,khatma/579.mp3,27140,39820,next_start
76,10,579,khatma/579.mp3,39820,48480,next_start
76,11,579,khatma/579.mp3,48480,57780,next_start
76,12,579,khatma/579.mp3,57780,64440,next_start
76,13,579,khatma/579.mp3,64440,74960,next_start
76,14,579,khatma/579.mp3,74960,84880,next_start
76,15,579,khatma/579.mp3,84880,94220,next_start
76,16,579,khatma/579.mp3,94220,101020,next_start
76,17,579,khatma/579.mp3,101020,108100,next_start
76,18,579,khatma/579.mp3,108100,117360,next_start
76,19,579,khatma/579.mp3,117360,131500,next_start
76,20,579,khatma/579.mp3,131500,153500,next_start
76,21,579,khatma/579.mp3,153500,171140,next_start
76,22,579,khatma/579.mp3,171140,181540,next_start
76,23,579,khatma/579.mp3,181540,189080,next_start
76,24,579,khatma/579.mp3,189080,196800,next_start
76,25,579,khatma/579.mp3,196800,,
76,26,580,khatma/580.mp3,40,7960,next_start
76,27,580,khatma/580.mp3,7960,21580,next_start
76,28,580,khatma/580.mp3,21580,33800,next_start
76,29,580,khatma/580.mp3,33800,43260,next_start
76,30,580,khatma/580.mp3,43260,60220,next_start
76,31,580,khatma/580.mp3,60220,81440,next_start
77,1,580,khatma/580.mp3,81440,83840,next_start
77,2,580,khatma/580.mp3,83840,86480,next_start
77,3,580,khatma/580.mp3,86480,89240,next_start
77,4,580,khatma/580.mp3,89240,92500,next_start
77,5,580,khatma/580.mp3,92500,95320,next_start
77,6,580,khatma/580.mp3,95320,97520,next_start
77,7,580,khatma/580.mp3,97520,101680,next_start
77,8,580,khatma/580.mp3,101680,104380,next_start
77,9,580,khatma/580.mp3,104380,108520,next_start
77,10,580,khatma/580.mp3,108520,111440,next_start
77,11,580,khatma/580.mp3,111440,114240,next_start
77,12,580,khatma/580.mp3,114240,117060,next_start
77,13,580,khatma/580.mp3,117060,118840,next_start
77,14,580,khatma/580.mp3,118840,123040,next_start
77,15,580,khatma/580.mp3,123040,128700,next_start
77,16,580,khatma/580.mp3,128700,131780,next_start
77,17,580,khatma/580.mp3,131780,136160,next_start
77,18,580,khatma/580.mp3,136160,143340,next_start
77,19,580,khatma/580.mp3,143340,,
78,1,582,khatma/582.mp3,5800,8780,next_start
78,2,582,khatma/582.mp3,8780,14320,next_start
78,3,582,khatma/582.mp3,14320,16880,next_start
78,4,582,khatma/582.mp3,16880,20160,next_start
78,5,582,khatma/582.mp3,20160,25100,next_start
78,6,582,khatma/582.mp3,25100,28580,next_start
78,7,582,khatma/582.mp3,28580,32580,next_start
78,8,582,khatma/582.mp3,32580,35920,next_start
78,9,582,khatma/582.mp3,35920,40120,next_start
78,10,582,khatma/582.mp3,40120,43900,next_start
78,11,582,khatma/582.mp3,43900,49080,next_start
78,12,582,khatma/582.mp3,49080,53160,next_start
78,13,582,khatma/582.mp3,53160,57900,next_start
78,14,582,khatma/582.mp3,57900,66060,next_start
78,15,582,khatma/582.mp3,66060,70960,next_start
78,16,582,khatma/582.mp3,70960,75080,next_start
78,17,582,khatma/582.mp3,75080,79640,next_start
78,18,582,khatma/582.mp3,79640,87920,next_start
78,19,582,khatma/582.mp3,87920,93880,next_start
78,20,582,khatma/582.mp3,93880,97760,next_start
78,21,582,khatma/582.mp3,97760,104490,next_start
78,22,582,khatma/582.mp3,104490,107860,next_start
78,23,582,khatma/582.mp3,107860,110980,next_start
78,24,582,khatma/582.mp3,110980,117820,next_start
78,25,582,khatma/582.mp3,117820,122560,next_start
78,26,582,khatma/582.mp3,122560,126380,next_start
78,27,582,khatma/582.mp3,126380,131840,next_start
78,28,582,khatma/582.mp3,131840,136680,next_start
78,29,582,khatma/582.mp3,136680,141360,next_start
78,30,582,khatma/582.mp3,141360,,
78,31,583,khatma/583.mp3,0,5230,next_start
78,32,583,khatma/583.mp3,5230,8720,next_start
78,33,583,khatma/583.mp3,8720,11660,next_start
78,34,583,khatma/583.mp3,11660,14660,next_start
78,35,583,khatma/583.mp3,14660,21580,next_start
78,36,583,khatma/583.mp3,21580,28460,next_start
78,37,583,khatma/583.mp3,28460,40100,next_start
78,38,583,khatma/583.mp3,40100,57000,next_start
78,39,583,khatma/583.mp3,57000,67820,next_start
78,40,583,khatma/583.mp3,67820,93280,next_start
79,1,583,khatma/583.mp3,93280,98840,next_start
79,2,583,khatma/583.mp3,98840,100060,next_start
79,3,583,khatma/583.mp3,100060,103620,next_start
79,4,583,khatma/583.mp3,103620,106740,next_start
79,5,583,khatma/583.mp3,106740,110040,next_start
79,6,583,khatma/583.mp3,110040,112900,next_start
79,7,583,khatma/583.mp3,112900,115660,next_start
79,8,583,khatma/583.mp3,115660,120980,next_start
79,9,583,khatma/583.mp3,120980,123560,next_start
79,10,583,khatma/583.mp3,123560,131540,next_start
79,11,583,khatma/583.mp3,131540,135260,next_start
79,12,583,khatma/583.mp3,135260,140060,next_start
79,13,583,khatma/583.mp3,140060,145360,next_start
79,14,583,khatma/583.mp3,145360,149040,next_start
79,15,583,khatma/583.mp3,149040,151560,next_start
79,16,583,khatma/583.mp3,151560,,
79,17,584,khatma/584.mp3,6780,12940,next_start
79,18,584,khatma/584.mp3,12940,18180,next_start
79,19,584,khatma/584.mp3,18180,24300,next_start
79,20,584,khatma/584.mp3,24300,26960,next_start
79,21,584,khatma/584.mp3,26960,29380,next_start
79,22,584,khatma/584.mp3,29380,33180,next_start
79,23,584,khatma/584.mp3,33180,35720,next_start
79,24,584,khatma/584.mp3,35720,40120,next_start
79,25,584,khatma/584.mp3,40120,45980,next_start
79,26,584,khatma/584.mp3,45980,53940,next_start
79,27,584,khatma/584.mp3,53940,60720,next_start
79,28,584,khatma/584.mp3,60720,65240,next_start
79,29,584,khatma/584.mp3,65240,69800,next_start
79,30,584,khatma/584.mp3,69800,74120,next_start
79,31,584,khatma/584.mp3,74120,80600,next_start
79,32,584,khatma/584.mp3,80600,84940,next_start
79,33,584,khatma/584.mp3,84940,88420,next_start
79,34,584,khatma/584.mp3,88420,97080,next_start
79,35,584,khatma/584.mp3,97080,103880,next_start
79,36,584,khatma/584.mp3,103880,107300,next_start
79,37,584,khatma/584.mp3,107300,113420,next_start
79,38,584,khatma/584.mp3,113420,115360,next_start
79,39,584,khatma/584.mp3,115360,119740,next_start
79,40,584,khatma/584.mp3,119740,127680,next_start
79,41,584,khatma/584.mp3,127680,134140,next_start
79,42,584,khatma/584.mp3,134140,139640,next_start
79,43,584,khatma/584.mp3,139640,143000,next_start
79,44,584,khatma/584.mp3,143000,147400,next_start
79,45,584,khatma/584.mp3,147400,155380,next_start
79,46,584,khatma/584.mp3,155380,,
80,1,585,khatma/585.mp3,4980,7680,next_start
80,2,585,khatma/585.mp3,7680,11980,next_start
80,3,585,khatma/585.mp3,11980,17000,next_start
80,4,585,khatma/585.mp3,17000,21960,next_start
80,5,585,khatma/585.mp3,21960,26000,next_start
80,6,585,khatma/585.mp3,26000,29100,next_start
80,7,585,khatma/585.mp3,29100,33460,next_start
80,8,585,khatma/585.mp3,33460,39400,next_start
80,9,585,khatma/585.mp3,39400,41220,next_start
80,10,585,khatma/585.mp3,41220,45280,next_start
80,11,585,khatma/585.mp3,45280,49700,next_start
80,12,585,khatma/585.mp3,49700,53520,next_start
80,13,585,khatma/585.mp3,53520,56560,next_start
80,14,585,khatma/585.mp3,56560,60400,next_start
80,15,585,khatma/585.mp3,60400,62620,next_start
80,16,585,khatma/585.mp3,62620,65580,next_start
80,17,585,khatma/585.mp3,65580,70360,next_start
80,18,585,khatma/585.mp3,70360,73800,next_start
80,19,585,khatma/585.mp3,73800,78400,next_start
80,20,585,khatma/585.mp3,78400,82200,next_start
80,21,585,khatma/585.mp3,82200,85560,next_start
80,22,585,khatma/585.mp3,85560,91700,next_start
80,23,585,khatma/585.mp3,91700,99180,next_start
80,24,585,khatma/585.mp3,99180,105340,next_start
80,25,585,khatma/585.mp3,105340,108060,next_start
80,26,585,khatma/585.mp3,108060,111860,next_start
80,27,585,khatma/585.mp3,111860,116780,next_start
80,28,585,khatma/585.mp3,116780,121680,next_start
80,29,585,khatma/585.mp3,121680,123960,next_start
80,30,585,khatma/585.mp3,123960,127320,next_start
80,31,585,khatma/585.mp3,127320,132640,next_start
80,32,585,khatma/585.mp3,132640,135660,next_start
80,33,585,khatma/585.mp3,135660,142660,next_start
80,34,585,khatma/585.mp3,142660,147680,next_start
80,35,585,khatma/585.mp3,147680,151240,next_start
80,36,585,khatma/585.mp3,151240,154660,next_start
80,37,585,khatma/585.mp3,154660,162740,next_start
80,38,585,khatma/585.mp3,162740,167780,next_start
80,39,585,khatma/585.mp3,167780,172980,next_start
80,40,585,khatma/585.mp3,172980,,
80,41,586,khatma/586.mp3,0,1570,next_start
80,42,586,khatma/586.mp3,1570,4700,next_start
81,1,586,khatma/586.mp3,4700,7380,next_start
81,2,586,khatma/586.mp3,7380,11700,next_start
81,3,586,khatma/586.mp3,11700,14680,next_start
81,4,586,khatma/586.mp3,14680,17800,next_start
81,5,586,khatma/586.mp3,17800,21040,next_start
81,6,586,khatma/586.mp3,21040,24400,next_start
81,7,586,khatma/586.mp3,24400,27560,next_start
81,8,586,khatma/586.mp3,27560,31120,next_start
81,9,586,khatma/586.mp3,31120,35440,next_start
81,10,586,khatma/586.mp3,35440,38360,next_start
81,11,586,khatma/586.mp3,38360,42320,next_start
81,12,586,khatma/586.mp3,42320,45740,next_start
81,13,586,khatma/586.mp3,45740,49680,next_start
81,14,586,khatma/586.mp3,49680,54920,next_start
81,15,586,khatma/586.mp3,54920,59740,next_start
81,16,586,khatma/586.mp3,59740,64360,next_start
81,17,586,khatma/586.mp3,64360,65960,next_start
81,18,586,khatma/586.mp3,65960,68860,next_start
81,19,586,khatma/586.mp3,68860,75520,next_start
81,20,586,khatma/586.mp3,75520,81000,next_start
81,21,586,khatma/586.mp3,81000,86080,next_start
81,22,586,khatma/586.mp3,86080,91600,next_start
81,23,586,khatma/586.mp3,91600,96780,next_start
81,24,586,khatma/586.mp3,96780,101440,next_start
81,25,586,khatma/586.mp3,101440,107000,next_start
81,26,586,khatma/586.mp3,107000,111180,next_start
81,27,586,khatma/586.mp3,111180,116900,next_start
81,28,586,khatma/586.mp3,116900,124120,next_start
81,29,586,khatma/586.mp3,124120,,
82,1,587,khatma/587.mp3,5060,9040,next_start
82,2,587,khatma/587.mp3,9040,13420,next_start
82,3,587,khatma/587.mp3,13420,16280,next_start
82,4,587,khatma/587.mp3,16280,19720,next_start
82,5,587,khatma/587.mp3,19720,28260,next_start
82,6,587,khatma/587.mp3,28260,35820,next_start
82,7,587,khatma/587.mp3,35820,40100,next_start
82,8,587,khatma/587.mp3,40100,46980,next_start
82,9,587,khatma/587.mp3,46980,51840,next_start
82,10,587,khatma/587.mp3,51840,56640,next_start
82,11,587,khatma/587.mp3,56640,61000,next_start
82,12,587,khatma/587.mp3,61000,65760,next_start
82,13,587,khatma/587.mp3,65760,70320,next_start
82,14,587,khatma/587.mp3,70320,75700,next_start
82,15,587,khatma/587.mp3,75700,79980,next_start
82,16,587,khatma/587.mp3,79980,86240,next_start
82,17,587,khatma/587.mp3,86240,91800,next_start
82,18,587,khatma/587.mp3,91800,97700,next_start
82,19,587,khatma/587.mp3,97700,112960,next_start
83,1,587,khatma/587.mp3,112960,116820,next_start
83,2,587,khatma/587.mp3,116820,123800,next_start
83,3,587,khatma/587.mp3,123800,130340,next_start
83,4,587,khatma/587.mp3,130340,,
83,5,588,khatma/588.mp3,0,10,next_start
83,6,588,khatma/588.mp3,10,40,next_start
83,7,588,khatma/588.mp3,40,9080,next_start
83,8,588,khatma/588.mp3,9080,13880,next_start
83,9,588,khatma/588.mp3,13880,18230,next_start
83,10,588,khatma/588.mp3,18230,24760,next_start
83,11,588,khatma/588.mp3,24760,29480,next_start
83,12,588,khatma/588.mp3,29480,36760,next_start
83,13,588,khatma/588.mp3,36760,45820,next_start
83,14,588,khatma/588.mp3,45820,54000,next_start
83,15,588,khatma/588.mp3,54000,62480,next_start
83,16,588,khatma/588.mp3,62480,68380,next_start
83,17,588,khatma/588.mp3,68380,76120,next_start
83,18,588,khatma/588.mp3,76120,84020,next_start
83,19,588,khatma/588.mp3,84020,89080,next_start
83,20,588,khatma/588.mp3,89080,92540,next_start
83,21,588,khatma/588.mp3,92540,97140,next_start
83,22,588,khatma/588.mp3,97140,100880,next_start
83,23,588,khatma/588.mp3,100880,106840,next_start
83,24,588,khatma/588.mp3,106840,112960,next_start
83,25,588,khatma/588.mp3,112960,118380,next_start
83,26,588,khatma/588.mp3,118380,126340,next_start
83,27,588,khatma/588.mp3,126340,131780,next_start
83,28,588,khatma/588.mp3,131780,137180,next_start
83,29,588,khatma/588.mp3,137180,145840,next_start
83,30,588,khatma/588.mp3,145840,150840,next_start
83,31,588,khatma/588.mp3,150840,160480,next_start
83,32,588,khatma/588.mp3,160480,171560,next_start
83,33,588,khatma/588.mp3,171560,,
84,25,590,khatma/590.mp3,0,5300,next_start
85,1,590,khatma/590.mp3,5300,10260,next_start
85,2,590,khatma/590.mp3,10260,14340,next_start
85,3,590,khatma/590.mp3,14340,18480,next_start
85,4,590,khatma/590.mp3,18480,24760,next_start
85,5,590,khatma/590.mp3,24760,27500,next_start
85,6,590,khatma/590.mp3,27500,32000,next_start
85,7,590,khatma/590.mp3,32000,39880,next_start
85,8,590,khatma/590.mp3,39880,49560,next_start
85,9,590,khatma/590.mp3,49560,60260,next_start
85,10,590,khatma/590.mp3,60260,77680,next_start
85,11,590,khatma/590.mp3,77680,95240,next_start
85,12,590,khatma/590.mp3,95240,101560,next_start
85,13,590,khatma/590.mp3,101560,106060,next_start
85,14,590,khatma/590.mp3,106060,111920,next_start
85,15,590,khatma/590.mp3,111920,113900,next_start
85,16,590,khatma/590.mp3,113900,118040,next_start
85,17,590,khatma/590.mp3,118040,123220,next_start
85,18,590,khatma/590.mp3,123220,126820,next_start
85,19,590,khatma/590.mp3,126820,132200,next_start
85,20,590,khatma/590.mp3,132200,139240,next_start
85,21,590,khatma/590.mp3,139240,144640,next_start
85,22,590,khatma/590.mp3,144640,,
86,1,591,khatma/591.mp3,6400,10000,next_start
86,2,591,khatma/591.mp3,10000,14930,next_start
86,3,591,khatma/591.mp3,14930,17400,next_start
86,4,591,khatma/591.mp3,17400,23960,next_start
86,5,591,khatma/591.mp3,23960,30780,next_start
86,6,591,khatma/591.mp3,30780,35960,next_start
86,7,591,khatma/591.mp3,35960,41500,next_start
86,8,591,khatma/591.mp3,41500,46660,next_start
86,9,591,khatma/591.mp3,46660,50900,next_start
86,10,591,khatma/591.mp3,50900,57140,next_start
86,11,591,khatma/591.mp3,57140,61900,next_start
86,12,591,khatma/591.mp3,61900,64560,next_start
86,13,591,khatma/591.mp3,64560,68700,next_start
86,14,591,khatma/591.mp3,68700,71760,next_start
86,15,591,khatma/591.mp3,71760,76440,next_start
86,16,591,khatma/591.mp3,76440,81000,next_start
86,17,591,khatma/591.mp3,81000,91040,next_start
87,1,591,khatma/591.mp3,91040,94700,next_start
87,2,591,khatma/591.mp3,94700,98340,next_start
87,3,591,khatma/591.mp3,98340,101400,next_start
87,4,591,khatma/591.mp3,101400,105700,next_start
87,5,591,khatma/591.mp3,105700,111260,next_start
87,6,591,khatma/591.mp3,111260,115620,next_start
87,7,591,khatma/591.mp3,115620,126130,next_start
87,8,591,khatma/591.mp3,126130,128460,next_start
87,9,591,khatma/591.mp3,128460,132700,next_start
87,10,591,khatma/591.mp3,132700,,
88,23,593,khatma/593.mp3,0,1340,next_start
88,24,593,khatma/593.mp3,1340,2630,next_start
88,25,593,khatma/593.mp3,2630,3590,next_start
88,26,593,khatma/593.mp3,3590,4880,next_start
89,1,593,khatma/593.mp3,4880,6540,next_start
89,2,593,khatma/593.mp3,6540,8920,next_start
89,3,593,khatma/593.mp3,8920,12860,next_start
89,4,593,khatma/593.mp3,12860,14160,next_start
89,5,593,khatma/593.mp3,14160,18660,next_start
89,6,593,khatma/593.mp3,18660,26940,next_start
89,7,593,khatma/593.mp3,26940,28980,next_start
89,8,593,khatma/593.mp3,28980,35980,next_start
89,9,593,khatma/593.mp3,35980,42000,next_start
89,10,593,khatma/593.mp3,42000,47120,next_start
89,11,593,khatma/593.mp3,47120,52140,next_start
89,12,593,khatma/593.mp3,52140,56900,next_start
89,13,593,khatma/593.mp3,56900,63900,next_start
89,14,593,khatma/593.mp3,63900,68700,next_start
89,15,593,khatma/593.mp3,68700,85640,next_start
89,16,593,khatma/593.mp3,85640,98160,next_start
89,17,593,khatma/593.mp3,98160,104640,next_start
89,18,593,khatma/593.mp3,104640,114180,next_start
89,19,593,khatma/593.mp3,114180,119620,next_start
89,20,593,khatma/593.mp3,119620,126620,next_start
89,21,593,khatma/593.mp3,126620,133540,next_start
89,22,593,khatma/593.mp3,133540,,
92,10,596,khatma/596.mp3,0,60,next_start
92,11,596,khatma/596.mp3,60,260,next_start
92,12,596,khatma/596.mp3,260,350,next_start
92,13,596,khatma/596.mp3,350,480,next_start
92,14,596,khatma/596.mp3,480,580,next_start
92,15,596,khatma/596.mp3,580,5720,next_start
92,16,596,khatma/596.mp3,5720,9720,next_start
92,17,596,khatma/596.mp3,9720,13940,next_start
92,18,596,khatma/596.mp3,13940,18640,next_start
92,19,596,khatma/596.mp3,18640,26120,next_start
92,20,596,khatma/596.mp3,26120,31760,next_start
92,21,596,khatma/596.mp3,31760,39630,next_start
93,1,596,khatma/596.mp3,39630,43560,next_start
93,2,596,khatma/596.mp3,43560,45200,next_start
93,3,596,khatma/596.mp3,45200,49920,next_start
93,4,596,khatma/596.mp3,49920,56020,next_start
93,5,596,khatma/596.mp3,56020,61480,next_start
93,6,596,khatma/596.mp3,61480,66440,next_start
93,7,596,khatma/596.mp3,66440,72400,next_start
93,8,596,khatma/596.mp3,72400,78100,next_start
93,9,596,khatma/596.mp3,78100,82960,next_start
93,10,596,khatma/596.mp3,82960,88600,next_start
93,11,596,khatma/596.mp3,88600,99560,next_start
94,1,596,khatma/596.mp3,99560,102300,next_start
94,2,596,khatma/596.mp3,102300,,
94,3,597,khatma/597.mp3,0,700,next_start
94,4,597,khatma/597.mp3,700,1400,next_start
94,5,597,khatma/597.mp3,1400,2330,next_start
94,6,597,khatma/597.mp3,2330,3260,next_start
94,7,597,khatma/597.mp3,3260,3960,next_start
94,8,597,khatma/597.mp3,3960,4660,next_start
95,1,597,khatma/597.mp3,4660,8760,next_start
95,2,597,khatma/597.mp3,8760,13700,next_start
95,3,597,khatma/597.mp3,13700,16800,next_start
95,4,597,khatma/597.mp3,16800,23780,next_start
95,5,597,khatma/597.mp3,23780,29040,next_start
95,6,597,khatma/597.mp3,29040,40280,next_start
95,7,597,khatma/597.mp3,40280,45420,next_start
95,8,597,khatma/597.mp3,45420,58220,next_start
96,1,597,khatma/597.mp3,58220,63000,next_start
96,2,597,khatma/597.mp3,63000,67860,next_start
96,3,597,khatma/597.mp3,67860,71180,next_start
96,4,597,khatma/597.mp3,71180,74720,next_start
96,5,597,khatma/597.mp3,74720,79800,next_start
96,6,597,khatma/597.mp3,79800,85750,next_start
96,7,597,khatma/597.mp3,85750,90220,next_start
96,8,597,khatma/597.mp3,90220,96420,next_start
96,9,597,khatma/597.mp3,96420,98720,next_start
96,10,597,khatma/597.mp3,98720,104060,next_start
96,11,597,khatma/597.mp3,104060,108000,next_start
96,12,597,khatma/597.mp3,108000,,
96,13,598,khatma/598.mp3,0,1320,next_start
96,14,598,khatma/598.mp3,1320,2070,next_start
96,15,598,khatma/598.mp3,2070,2960,next_start
96,16,598,khatma/598.mp3,2960,3410,next_start
96,17,598,khatma/598.mp3,3410,3710,next_start
96,18,598,khatma/598.mp3,3710,4000,next_start
96,19,598,khatma/598.mp3,4000,4900,next_start
97,1,598,khatma/598.mp3,4900,10820,next_start
97,2,598,khatma/598.mp3,10820,15100,next_start
97,3,598,khatma/598.mp3,15100,20160,next_start
97,4,598,khatma/598.mp3,20160,30260,next_start
97,5,598,khatma/598.mp3,30260,40840,next_start
98,1,598,khatma/598.mp3,40840,55740,next_start
98,2,598,khatma/598.mp3,55740,64180,next_start
98,3,598,khatma/598.mp3,64180,69280,next_start
98,4,598,khatma/598.mp3,69280,82780,next_start
98,5,598,khatma/598.mp3,82780,,
100,6,600,khatma/600.mp3,0,590,next_start
100,7,600,khatma/600.mp3,590,1170,next_start
100,8,600,khatma/600.mp3,1170,1760,next_start
100,9,600,khatma/600.mp3,1760,2780,next_start
100,10,600,khatma/600.mp3,2780,6060,next_start
100,11,600,khatma/600.mp3,6060,19760,next_start
101,1,600,khatma/600.mp3,19760,21250,next_start
101,2,600,khatma/600.mp3,21250,24220,next_start
101,3,600,khatma/600.mp3,24220,28680,next_start
101,4,600,khatma/600.mp3,28680,35760,next_start
101,5,600,khatma/600.mp3,35760,42840,next_start
101,6,600,khatma/600.mp3,42840,48540,next_start
101,7,600,khatma/600.mp3,48540,52500,next_start
101,8,600,khatma/600.mp3,52500,58300,next_start
101,9,600,khatma/600.mp3,58300,61940,next_start
101,10,600,khatma/600.mp3,61940,66400,next_start
101,11,600,khatma/600.mp3,66400,77020,next_start
102,1,600,khatma/600.mp3,77020,78620,next_start
102,2,600,khatma/600.mp3,78620,82400,next_start
102,3,600,khatma/600.mp3,82400,86960,next_start
102,4,600,khatma/600.mp3,86960,92800,next_start
102,5,600,khatma/600.mp3,92800,99540,next_start
102,6,600,khatma/600.mp3,99540,105120,next_start
102,7,600,khatma/600.mp3,105120,111720,next_start
102,8,600,khatma/600.mp3,111720,,
106,1,602,khatma/602.mp3,4800,10060,next_start
106,2,602,khatma/602.mp3,10060,17660,next_start
106,3,602,khatma/602.mp3,17660,21300,next_start
106,4,602,khatma/602.mp3,21300,39060,next_start
107,1,602,khatma/602.mp3,39060,43060,next_start
107,2,602,khatma/602.mp3,43060,48840,next_start
107,3,602,khatma/602.mp3,48840,54340,next_start
107,4,602,khatma/602.mp3,54340,58560,next_start
107,5,602,khatma/602.mp3,58560,65080,next_start
107,6,602,khatma/602.mp3,65080,69160,next_start
107,7,602,khatma/602.mp3,69160,79280,next_start
108,1,602,khatma/602.mp3,79280,84440,next_start
108,2,602,khatma/602.mp3,84440,87780,next_start
108,3,602,khatma/602.mp3,87780,,
109,1,603,khatma/603.mp3,5180,10560,next_start
109,2,603,khatma/603.mp3,10560,15460,next_start
109,3,603,khatma/603.mp3,15460,22200,next_start
109,4,603,khatma/603.mp3,22200,27820,next_start
109,5,603,khatma/603.mp3,27820,34400,next_start
109,6,603,khatma/603.mp3,34400,44020,next_start
110,1,603,khatma/603.mp3,44020,49880,next_start
110,2,603,khatma/603.mp3,49880,59920,next_start
110,3,603,khatma/603.mp3,59920,74500,next_start
111,1,603,khatma/603.mp3,74500,80820,next_start
111,2,603,khatma/603.mp3,80820,87140,next_start
111,3,603,khatma/603.mp3,87140,93120,next_start
111,4,603,khatma/603.mp3,93120,96380,next_start
111,5,603,khatma/603.mp3,96380,,
112,1,604,khatma/604.mp3,5520,8600,next_start
112,2,604,khatma/604.mp3,8600,12120,next_start
112,3,604,khatma/604.mp3,12120,15180,next_start
112,4,604,khatma/604.mp3,15180,25300,next_start
113,1,604,khatma/604.mp3,25300,28740,next_start
113,2,604,khatma/604.mp3,28740,32300,next_start
113,3,604,khatma/604.mp3,32300,36900,next_start
113,4,604,khatma/604.mp3,36900,42420,next_start
113,5,604,khatma/604.mp3,42420,52840,next_start
114,1,604,khatma/604.mp3,52840,57920,next_start
114,2,604,khatma/604.mp3,57920,62540,next_start
114,3,604,khatma/604.mp3,62540,65680,next_start
114,4,604,khatma/604.mp3,65680,71820,next_start
114,5,604,khatma/604.mp3,71820,77900,next_start
114,6,604,khatma/604.mp3,77900,,
